{
  "generation_time": "2026-01-15T20:58:26.675426",
  "based_on_analysis": "trend_analysis_latest.json",
  "notes_per_topic": 1,
  "generated_notes": [
    {
      "topic": "动画电影推荐",
      "topic_rank": 1,
      "topic_heat_score": 831.28,
      "movie": "《肖申克的救赎》",
      "title": "🎞️强推！《肖申克的救赎》 让我久久不能平静",
      "content": "强烈推荐！《肖申克的救赎》 是我今年看过最好的电影！\n\n🎥 电影：《肖申克的救赎》\n⭐️ 类型：根据主题推荐\n⏱️ 时长：适中，不拖沓\n\n💫 节奏：张弛有度，完全抓住观众的心\n💫 配乐：BGM 简直是神来之笔，听得起鸡皮疙瘩\n💫 演技：演员们的表演真的太绝了！\n👍 总之就是神作！\n\n😍 这部片子会一直珍藏在我的心里\n\n💬 你们看过这部电影吗？来评论区聊聊！",
      "tags": [
        "电影推荐",
        "影评",
        "观影笔记",
        "好片推荐",
        "电影分享",
        "必看电影"
      ],
      "hashtags": [
        "#动画电影推荐",
        "#《肖申克的救赎》",
        "#电影推荐",
        "#影单分享"
      ],
      "estimated_reading_time": "2-3分钟",
      "target_audience": "电影爱好者",
      "best_posting_time": "晚上 8-10 点（用户活跃高峰期）"
    },
    {
      "topic": "奥斯卡获奖电影",
      "topic_rank": 2,
      "topic_heat_score": 739.84,
      "movie": "《国王的演讲》",
      "title": "✨奥斯卡获奖！《国王的演讲》 实至名归的神作🎥",
      "content": "终于看了传说中的 《国王的演讲》，现在就来分享！\n\n🎥 电影：《国王的演讲》\n💫 类型：根据主题推荐\n⏱️ 时长：适中，不拖沓\n\n🌟 演技：演员们的表演真的太绝了！\n🌟 剧情：完全不拖沓，每一分钟都是精华\n🌟 节奏：张弛有度，完全抓住观众的心\n💥 总之就是神作！\n\n😍 这部片子会一直珍藏在我的心里\n\n⭐️ 收藏起来，周末就去看！",
      "tags": [
        "电影推荐",
        "影评",
        "观影笔记",
        "奥斯卡",
        "获奖电影",
        "经典电影",
        "必看电影",
        "电影分享"
      ],
      "hashtags": [
        "#奥斯卡获奖电影",
        "#《国王的演讲》",
        "#电影推荐",
        "#影单分享"
      ],
      "estimated_reading_time": "2-3分钟",
      "target_audience": "追求高质量电影的影迷",
      "best_posting_time": "晚上 8-10 点（用户活跃高峰期）"
    },
    {
      "topic": "爱情电影推荐",
      "topic_rank": 3,
      "topic_heat_score": 497.45,
      "movie": "《泰坦尼克号》",
      "title": "❤️《泰坦尼克号》｜爱情片天花板！看哭了😭",
      "content": "姐妹们！《泰坦尼克号》 让我哭到停不下来😭 真的太虐了！\n\n📽️ 电影：《泰坦尼克号》\n🌟 类型：根据主题推荐\n⏱️ 时长：适中，不拖沓\n\n⭐️ 剧情：完全不拖沓，每一分钟都是精华\n⭐️ 画面：每一帧都可以截图当壁纸\n⭐️ 台词：金句频出，建议记笔记\n💯 总之就是神作！\n\n😢 看完整个人都被治愈了，相信爱情的力量！单身狗表示受到了一万点暴击哈哈~\n\n🔥 记得关注我，持续分享好片推荐！",
      "tags": [
        "电影推荐",
        "影评",
        "观影笔记",
        "爱情片",
        "浪漫电影",
        "情侣观影",
        "高分电影",
        "周末观影"
      ],
      "hashtags": [
        "#爱情电影推荐",
        "#《泰坦尼克号》",
        "#电影推荐",
        "#影单分享"
      ],
      "estimated_reading_time": "2-3分钟",
      "target_audience": "喜欢浪漫爱情故事的观众",
      "best_posting_time": "晚上 8-10 点（用户活跃高峰期）"
    },
    {
      "topic": "烧脑电影",
      "topic_rank": 4,
      "topic_heat_score": 418.4,
      "movie": "《星际穿越》",
      "title": "⭐️《星际穿越》｜不看后悔系列🎬",
      "content": "终于看了传说中的 《星际穿越》，现在就来分享！\n\n📽️ 电影：《星际穿越》\n⭐️ 类型：根据主题推荐\n⏱️ 时长：适中，不拖沓\n\n💫 台词：金句频出，建议记笔记\n💫 剧情：完全不拖沓，每一分钟都是精华\n💫 节奏：张弛有度，完全抓住观众的心\n👍 总之就是神作！\n\n💖 这部片子会一直珍藏在我的心里\n\n⭐️ 收藏起来，周末就去看！",
      "tags": [
        "电影推荐",
        "影评",
        "观影笔记",
        "好片推荐",
        "电影分享",
        "周末观影"
      ],
      "hashtags": [
        "#烧脑电影",
        "#《星际穿越》",
        "#电影推荐",
        "#影单分享"
      ],
      "estimated_reading_time": "2-3分钟",
      "target_audience": "电影爱好者",
      "best_posting_time": "晚上 8-10 点（用户活跃高峰期）"
    },
    {
      "topic": "最新上映电影",
      "topic_rank": 5,
      "topic_heat_score": 348.39,
      "movie": "《碟中谍7》",
      "title": "⭐️含泪推荐！《碟中谍7》 每一帧都是艺术🎬",
      "content": "强烈推荐！《碟中谍7》 是我今年看过最好的电影！\n\n🎥 电影：《碟中谍7》\n✨ 类型：根据主题推荐\n⏱️ 时长：适中，不拖沓\n\n✨ 画面：每一帧都可以截图当壁纸\n✨ 剧情：完全不拖沓，每一分钟都是精华\n✨ 台词：金句频出，建议记笔记\n💥 总之就是神作！\n\n🤔 每个细节都值得回味，建议二刷三刷\n\n📝 评论区说说你最喜欢的电影吧！",
      "tags": [
        "电影推荐",
        "影评",
        "观影笔记",
        "新片推荐",
        "院线电影",
        "最新电影",
        "高分电影",
        "周末观影"
      ],
      "hashtags": [
        "#最新上映电影",
        "#《碟中谍7》",
        "#电影推荐",
        "#影单分享"
      ],
      "estimated_reading_time": "2-3分钟",
      "target_audience": "关注院线新片的观众",
      "best_posting_time": "晚上 8-10 点（用户活跃高峰期）"
    }
  ]
}