{
  "fetch_time": "2026-01-15T20:58:26.614290",
  "keywords": "电影",
  "time_range_days": 7,
  "total_count": 100,
  "notes": [
    {
      "note_id": "note_20260115_0000",
      "title": "💕 《这个杀手不太冷》 让我哭得稀里哗啦",
      "content": "朋友们！《这个杀手不太冷》 真的太好看了，不看后悔！\n\n⭐️ 演技：演员们的表演真的太绝了\n✨ 剧情：完全不拖沓，每一帧都是精华\n🎵 配乐：BGM 简直是神来之笔\n\n💕 这部片子会一直珍藏在心里！\n\n#奥斯卡获奖电影 #《这个杀手不太冷》 #电影推荐",
      "author": {
        "user_id": "user_10586",
        "username": "电影爱好者460",
        "follower_count": 35316
      },
      "stats": {
        "likes": 4453,
        "comments": 291,
        "collects": 1048,
        "shares": 75
      },
      "tags": [
        "治愈系",
        "演技炸裂",
        "高分电影",
        "烧脑",
        "必看电影",
        "情侣观影"
      ],
      "published_at": "2026-01-12T03:45:00.267424",
      "topic": "奥斯卡获奖电影"
    },
    {
      "note_id": "note_20260115_0001",
      "title": "💕 《泰坦尼克号》 让我哭得稀里哗啦",
      "content": "终于看了 《泰坦尼克号》，现在就来分享感受！\n\n💡 立意：看完后久久不能平静\n🎵 配乐：BGM 简直是神来之笔\n🎬 画面：每一帧都可以截图当壁纸\n\n💕 看完整个人都被治愈了~\n\n#动画电影推荐 #《泰坦尼克号》 #电影推荐",
      "author": {
        "user_id": "user_11224",
        "username": "电影爱好者215",
        "follower_count": 36849
      },
      "stats": {
        "likes": 8992,
        "comments": 601,
        "collects": 1251,
        "shares": 318
      },
      "tags": [
        "高分电影",
        "电影推荐",
        "剧情神作",
        "配乐绝美",
        "演技炸裂",
        "周末观影",
        "好片推荐"
      ],
      "published_at": "2026-01-09T14:59:39.765956",
      "topic": "动画电影推荐"
    },
    {
      "note_id": "note_20260115_0002",
      "title": "🌟 《千与千寻》 | 催泪电影天花板",
      "content": "终于看了 《千与千寻》，现在就来分享感受！\n\n💡 立意：看完后久久不能平静\n✨ 剧情：完全不拖沓，每一帧都是精华\n🎬 画面：每一帧都可以截图当壁纸\n\n💕 这部片子会一直珍藏在心里！\n\n#催泪电影 #《千与千寻》 #电影推荐",
      "author": {
        "user_id": "user_55435",
        "username": "电影爱好者530",
        "follower_count": 12920
      },
      "stats": {
        "likes": 5699,
        "comments": 239,
        "collects": 894,
        "shares": 269
      },
      "tags": [
        "电影分享",
        "必看电影",
        "影评",
        "情侣观影",
        "催泪"
      ],
      "published_at": "2026-01-09T12:01:24.696381",
      "topic": "催泪电影"
    },
    {
      "note_id": "note_20260115_0003",
      "title": "🎬 《这个杀手不太冷》 | 不看后悔系列",
      "content": "姐妹们！今天必须给大家安利 《这个杀手不太冷》！\n\n⭐️ 演技：演员们的表演真的太绝了\n🎬 画面：每一帧都可以截图当壁纸\n💡 立意：看完后久久不能平静\n\n💕 已经加入我的最爱电影清单了！\n\n#奥斯卡获奖电影 #《这个杀手不太冷》 #电影推荐",
      "author": {
        "user_id": "user_65262",
        "username": "电影爱好者366",
        "follower_count": 7321
      },
      "stats": {
        "likes": 7768,
        "comments": 253,
        "collects": 2249,
        "shares": 108
      },
      "tags": [
        "必看电影",
        "影评",
        "催泪",
        "周末观影"
      ],
      "published_at": "2026-01-15T17:33:06.965218",
      "topic": "奥斯卡获奖电影"
    },
    {
      "note_id": "note_20260115_0004",
      "title": "🌟 《放牛班的春天》 | 悬疑电影天花板",
      "content": "朋友们！《放牛班的春天》 真的太好看了，不看后悔！\n\n⭐️ 演技：演员们的表演真的太绝了\n✨ 剧情：完全不拖沓，每一帧都是精华\n🎵 配乐：BGM 简直是神来之笔\n\n💕 看完整个人都被治愈了~\n\n#悬疑电影推荐 #《放牛班的春天》 #电影推荐",
      "author": {
        "user_id": "user_66975",
        "username": "电影爱好者486",
        "follower_count": 34868
      },
      "stats": {
        "likes": 7557,
        "comments": 359,
        "collects": 1945,
        "shares": 82
      },
      "tags": [
        "好片推荐",
        "剧情神作",
        "催泪",
        "烧脑",
        "高分电影"
      ],
      "published_at": "2026-01-14T22:26:12.817603",
      "topic": "悬疑电影推荐"
    },
    {
      "note_id": "note_20260115_0005",
      "title": "✨ 《盗梦空间》 太绝了！必须安利给大家",
      "content": "姐妹们！今天必须给大家安利 《盗梦空间》！\n\n💡 立意：看完后久久不能平静\n🎵 配乐：BGM 简直是神来之笔\n⭐️ 演技：演员们的表演真的太绝了\n\n💕 已经加入我的最爱电影清单了！\n\n#悬疑电影推荐 #《盗梦空间》 #电影推荐",
      "author": {
        "user_id": "user_53725",
        "username": "电影爱好者959",
        "follower_count": 44950
      },
      "stats": {
        "likes": 7826,
        "comments": 493,
        "collects": 1475,
        "shares": 291
      },
      "tags": [
        "好片推荐",
        "宝藏电影",
        "烧脑",
        "一个人看的电影",
        "周末观影",
        "电影分享",
        "治愈系"
      ],
      "published_at": "2026-01-10T03:04:34.860653",
      "topic": "悬疑电影推荐"
    },
    {
      "note_id": "note_20260115_0006",
      "title": "⭐️ 强烈推荐！《海上钢琴师》 值得刷三遍",
      "content": "姐妹们！今天必须给大家安利 《海上钢琴师》！\n\n✨ 剧情：完全不拖沓，每一帧都是精华\n⭐️ 演技：演员们的表演真的太绝了\n🎬 画面：每一帧都可以截图当壁纸\n\n💕 看完整个人都被治愈了~\n\n#最新上映电影 #《海上钢琴师》 #电影推荐",
      "author": {
        "user_id": "user_73233",
        "username": "电影爱好者252",
        "follower_count": 41041
      },
      "stats": {
        "likes": 330,
        "comments": 13,
        "collects": 72,
        "shares": 11
      },
      "tags": [
        "烧脑",
        "一个人看的电影",
        "电影分享",
        "影评",
        "电影种草",
        "周末观影"
      ],
      "published_at": "2026-01-13T13:23:42.587180",
      "topic": "最新上映电影"
    },
    {
      "note_id": "note_20260115_0007",
      "title": "🎬 《星际穿越》 | 不看后悔系列",
      "content": "朋友们！《星际穿越》 真的太好看了，不看后悔！\n\n🎵 配乐：BGM 简直是神来之笔\n💡 立意：看完后久久不能平静\n✨ 剧情：完全不拖沓，每一帧都是精华\n\n💕 这部片子会一直珍藏在心里！\n\n#治愈系电影 #《星际穿越》 #电影推荐",
      "author": {
        "user_id": "user_97908",
        "username": "电影爱好者911",
        "follower_count": 29210
      },
      "stats": {
        "likes": 424,
        "comments": 28,
        "collects": 115,
        "shares": 6
      },
      "tags": [
        "配乐绝美",
        "周末观影",
        "催泪",
        "电影推荐",
        "观影笔记"
      ],
      "published_at": "2026-01-09T22:18:40.451513",
      "topic": "治愈系电影"
    },
    {
      "note_id": "note_20260115_0008",
      "title": "📽️ 《盗梦空间》 观影笔记 | 含泪推荐",
      "content": "刷了三遍 《盗梦空间》，每次都有新的感动！\n\n🎵 配乐：BGM 简直是神来之笔\n✨ 剧情：完全不拖沓，每一帧都是精华\n🎬 画面：每一帧都可以截图当壁纸\n\n💕 已经加入我的最爱电影清单了！\n\n#爱情电影推荐 #《盗梦空间》 #电影推荐",
      "author": {
        "user_id": "user_27036",
        "username": "电影爱好者508",
        "follower_count": 14320
      },
      "stats": {
        "likes": 5790,
        "comments": 443,
        "collects": 1190,
        "shares": 253
      },
      "tags": [
        "情侣观影",
        "视觉盛宴",
        "电影种草",
        "烧脑"
      ],
      "published_at": "2026-01-14T21:45:34.387991",
      "topic": "爱情电影推荐"
    },
    {
      "note_id": "note_20260115_0009",
      "title": "💕 《三傻大闹宝莱坞》 让我哭得稀里哗啦",
      "content": "终于看了 《三傻大闹宝莱坞》，现在就来分享感受！\n\n🎵 配乐：BGM 简直是神来之笔\n✨ 剧情：完全不拖沓，每一帧都是精华\n⭐️ 演技：演员们的表演真的太绝了\n\n💕 已经加入我的最爱电影清单了！\n\n#奥斯卡获奖电影 #《三傻大闹宝莱坞》 #电影推荐",
      "author": {
        "user_id": "user_44795",
        "username": "电影爱好者369",
        "follower_count": 15449
      },
      "stats": {
        "likes": 4795,
        "comments": 318,
        "collects": 715,
        "shares": 73
      },
      "tags": [
        "周末观影",
        "观影笔记",
        "情侣观影",
        "一个人看的电影"
      ],
      "published_at": "2026-01-10T09:53:41.976204",
      "topic": "奥斯卡获奖电影"
    },
    {
      "note_id": "note_20260115_0010",
      "title": "✨ 《千与千寻》 太绝了！必须安利给大家",
      "content": "姐妹们！今天必须给大家安利 《千与千寻》！\n\n⭐️ 演技：演员们的表演真的太绝了\n💡 立意：看完后久久不能平静\n✨ 剧情：完全不拖沓，每一帧都是精华\n\n💕 看完整个人都被治愈了~\n\n#动画电影推荐 #《千与千寻》 #电影推荐",
      "author": {
        "user_id": "user_17365",
        "username": "电影爱好者509",
        "follower_count": 1505
      },
      "stats": {
        "likes": 7966,
        "comments": 498,
        "collects": 2347,
        "shares": 344
      },
      "tags": [
        "剧情神作",
        "电影种草",
        "催泪",
        "治愈系"
      ],
      "published_at": "2026-01-12T19:03:52.813278",
      "topic": "动画电影推荐"
    },
    {
      "note_id": "note_20260115_0011",
      "title": "💕 《泰坦尼克号》 让我哭得稀里哗啦",
      "content": "刷了三遍 《泰坦尼克号》，每次都有新的感动！\n\n⭐️ 演技：演员们的表演真的太绝了\n🎬 画面：每一帧都可以截图当壁纸\n✨ 剧情：完全不拖沓，每一帧都是精华\n\n💕 这部片子会一直珍藏在心里！\n\n#奥斯卡获奖电影 #《泰坦尼克号》 #电影推荐",
      "author": {
        "user_id": "user_52476",
        "username": "电影爱好者673",
        "follower_count": 46043
      },
      "stats": {
        "likes": 1542,
        "comments": 103,
        "collects": 192,
        "shares": 34
      },
      "tags": [
        "周末观影",
        "观影笔记",
        "一个人看的电影",
        "好片推荐",
        "电影分享"
      ],
      "published_at": "2026-01-10T18:34:44.467464",
      "topic": "奥斯卡获奖电影"
    },
    {
      "note_id": "note_20260115_0012",
      "title": "💕 《触不可及》 让我哭得稀里哗啦",
      "content": "终于看了 《触不可及》，现在就来分享感受！\n\n🎵 配乐：BGM 简直是神来之笔\n✨ 剧情：完全不拖沓，每一帧都是精华\n🎬 画面：每一帧都可以截图当壁纸\n\n💕 这部片子会一直珍藏在心里！\n\n#恐怖电影推荐 #《触不可及》 #电影推荐",
      "author": {
        "user_id": "user_15736",
        "username": "电影爱好者401",
        "follower_count": 4317
      },
      "stats": {
        "likes": 154,
        "comments": 3,
        "collects": 41,
        "shares": 3
      },
      "tags": [
        "一个人看的电影",
        "演技炸裂",
        "催泪",
        "电影分享",
        "电影推荐",
        "观影笔记",
        "治愈系"
      ],
      "published_at": "2026-01-13T02:26:35.663139",
      "topic": "恐怖电影推荐"
    },
    {
      "note_id": "note_20260115_0013",
      "title": "💕 《盗梦空间》 让我哭得稀里哗啦",
      "content": "姐妹们！今天必须给大家安利 《盗梦空间》！\n\n💡 立意：看完后久久不能平静\n🎵 配乐：BGM 简直是神来之笔\n🎬 画面：每一帧都可以截图当壁纸\n\n💕 真的强烈推荐给大家！\n\n#纪录片推荐 #《盗梦空间》 #电影推荐",
      "author": {
        "user_id": "user_73453",
        "username": "电影爱好者230",
        "follower_count": 6856
      },
      "stats": {
        "likes": 199,
        "comments": 8,
        "collects": 35,
        "shares": 6
      },
      "tags": [
        "情侣观影",
        "电影分享",
        "视觉盛宴",
        "高分电影",
        "电影种草",
        "好片推荐"
      ],
      "published_at": "2026-01-12T13:44:28.254787",
      "topic": "纪录片推荐"
    },
    {
      "note_id": "note_20260115_0014",
      "title": "⭐️ 强烈推荐！《海上钢琴师》 值得刷三遍",
      "content": "朋友们！《海上钢琴师》 真的太好看了，不看后悔！\n\n🎬 画面：每一帧都可以截图当壁纸\n✨ 剧情：完全不拖沓，每一帧都是精华\n🎵 配乐：BGM 简直是神来之笔\n\n💕 这部片子会一直珍藏在心里！\n\n#纪录片推荐 #《海上钢琴师》 #电影推荐",
      "author": {
        "user_id": "user_40515",
        "username": "电影爱好者661",
        "follower_count": 41096
      },
      "stats": {
        "likes": 9553,
        "comments": 403,
        "collects": 1006,
        "shares": 229
      },
      "tags": [
        "视觉盛宴",
        "催泪",
        "宝藏电影",
        "治愈系",
        "好片推荐",
        "一个人看的电影"
      ],
      "published_at": "2026-01-15T13:46:52.061272",
      "topic": "纪录片推荐"
    },
    {
      "note_id": "note_20260115_0015",
      "title": "🎬 《这个杀手不太冷》 | 不看后悔系列",
      "content": "朋友们！《这个杀手不太冷》 真的太好看了，不看后悔！\n\n⭐️ 演技：演员们的表演真的太绝了\n💡 立意：看完后久久不能平静\n✨ 剧情：完全不拖沓，每一帧都是精华\n\n💕 这部片子会一直珍藏在心里！\n\n#恐怖电影推荐 #《这个杀手不太冷》 #电影推荐",
      "author": {
        "user_id": "user_83927",
        "username": "电影爱好者325",
        "follower_count": 43275
      },
      "stats": {
        "likes": 1432,
        "comments": 97,
        "collects": 385,
        "shares": 48
      },
      "tags": [
        "周末观影",
        "剧情神作",
        "好片推荐",
        "高分电影",
        "视觉盛宴",
        "影评"
      ],
      "published_at": "2026-01-13T10:30:24.162453",
      "topic": "恐怖电影推荐"
    },
    {
      "note_id": "note_20260115_0016",
      "title": "🎬 《你的名字》 | 不看后悔系列",
      "content": "姐妹们！今天必须给大家安利 《你的名字》！\n\n💡 立意：看完后久久不能平静\n✨ 剧情：完全不拖沓，每一帧都是精华\n🎵 配乐：BGM 简直是神来之笔\n\n💕 这部片子会一直珍藏在心里！\n\n#催泪电影 #《你的名字》 #电影推荐",
      "author": {
        "user_id": "user_50232",
        "username": "电影爱好者910",
        "follower_count": 48639
      },
      "stats": {
        "likes": 1210,
        "comments": 92,
        "collects": 202,
        "shares": 24
      },
      "tags": [
        "一个人看的电影",
        "配乐绝美",
        "电影种草",
        "电影推荐"
      ],
      "published_at": "2026-01-11T07:18:06.220891",
      "topic": "催泪电影"
    },
    {
      "note_id": "note_20260115_0017",
      "title": "📽️ 《盗梦空间》 观影笔记 | 含泪推荐",
      "content": "刷了三遍 《盗梦空间》，每次都有新的感动！\n\n⭐️ 演技：演员们的表演真的太绝了\n🎵 配乐：BGM 简直是神来之笔\n🎬 画面：每一帧都可以截图当壁纸\n\n💕 已经加入我的最爱电影清单了！\n\n#最新上映电影 #《盗梦空间》 #电影推荐",
      "author": {
        "user_id": "user_23869",
        "username": "电影爱好者234",
        "follower_count": 32807
      },
      "stats": {
        "likes": 1665,
        "comments": 46,
        "collects": 199,
        "shares": 25
      },
      "tags": [
        "视觉盛宴",
        "催泪",
        "配乐绝美",
        "一个人看的电影"
      ],
      "published_at": "2026-01-11T11:38:41.406005",
      "topic": "最新上映电影"
    },
    {
      "note_id": "note_20260115_0018",
      "title": "🌟 《爱在黎明破晓前》 | 最新上映电影天花板",
      "content": "刷了三遍 《爱在黎明破晓前》，每次都有新的感动！\n\n💡 立意：看完后久久不能平静\n⭐️ 演技：演员们的表演真的太绝了\n🎵 配乐：BGM 简直是神来之笔\n\n💕 已经加入我的最爱电影清单了！\n\n#最新上映电影 #《爱在黎明破晓前》 #电影推荐",
      "author": {
        "user_id": "user_62257",
        "username": "电影爱好者792",
        "follower_count": 8636
      },
      "stats": {
        "likes": 125,
        "comments": 4,
        "collects": 30,
        "shares": 4
      },
      "tags": [
        "演技炸裂",
        "宝藏电影",
        "电影推荐",
        "情侣观影",
        "必看电影",
        "高分电影",
        "影评"
      ],
      "published_at": "2026-01-11T04:55:30.788679",
      "topic": "最新上映电影"
    },
    {
      "note_id": "note_20260115_0019",
      "title": "📽️ 《盗梦空间》 观影笔记 | 含泪推荐",
      "content": "朋友们！《盗梦空间》 真的太好看了，不看后悔！\n\n⭐️ 演技：演员们的表演真的太绝了\n🎬 画面：每一帧都可以截图当壁纸\n✨ 剧情：完全不拖沓，每一帧都是精华\n\n💕 已经加入我的最爱电影清单了！\n\n#动作电影推荐 #《盗梦空间》 #电影推荐",
      "author": {
        "user_id": "user_94224",
        "username": "电影爱好者692",
        "follower_count": 8090
      },
      "stats": {
        "likes": 433,
        "comments": 29,
        "collects": 123,
        "shares": 8
      },
      "tags": [
        "宝藏电影",
        "视觉盛宴",
        "配乐绝美",
        "剧情神作",
        "影评"
      ],
      "published_at": "2026-01-14T02:21:26.112348",
      "topic": "动作电影推荐"
    },
    {
      "note_id": "note_20260115_0020",
      "title": "📽️ 《死亡诗社》 观影笔记 | 含泪推荐",
      "content": "刷了三遍 《死亡诗社》，每次都有新的感动！\n\n🎬 画面：每一帧都可以截图当壁纸\n⭐️ 演技：演员们的表演真的太绝了\n✨ 剧情：完全不拖沓，每一帧都是精华\n\n💕 看完整个人都被治愈了~\n\n#经典老电影 #《死亡诗社》 #电影推荐",
      "author": {
        "user_id": "user_40111",
        "username": "电影爱好者250",
        "follower_count": 35284
      },
      "stats": {
        "likes": 93,
        "comments": 2,
        "collects": 10,
        "shares": 2
      },
      "tags": [
        "宝藏电影",
        "必看电影",
        "情侣观影",
        "配乐绝美"
      ],
      "published_at": "2026-01-13T02:08:02.196447",
      "topic": "经典老电影"
    },
    {
      "note_id": "note_20260115_0021",
      "title": "⭐️ 强烈推荐！《死亡诗社》 值得刷三遍",
      "content": "姐妹们！今天必须给大家安利 《死亡诗社》！\n\n✨ 剧情：完全不拖沓，每一帧都是精华\n⭐️ 演技：演员们的表演真的太绝了\n🎬 画面：每一帧都可以截图当壁纸\n\n💕 真的强烈推荐给大家！\n\n#奥斯卡获奖电影 #《死亡诗社》 #电影推荐",
      "author": {
        "user_id": "user_59995",
        "username": "电影爱好者708",
        "follower_count": 10981
      },
      "stats": {
        "likes": 111,
        "comments": 3,
        "collects": 21,
        "shares": 1
      },
      "tags": [
        "治愈系",
        "影评",
        "周末观影",
        "剧情神作",
        "催泪",
        "烧脑",
        "好片推荐"
      ],
      "published_at": "2026-01-13T18:58:04.524422",
      "topic": "奥斯卡获奖电影"
    },
    {
      "note_id": "note_20260115_0022",
      "title": "💕 《死亡诗社》 让我哭得稀里哗啦",
      "content": "朋友们！《死亡诗社》 真的太好看了，不看后悔！\n\n🎬 画面：每一帧都可以截图当壁纸\n💡 立意：看完后久久不能平静\n⭐️ 演技：演员们的表演真的太绝了\n\n💕 这部片子会一直珍藏在心里！\n\n#恐怖电影推荐 #《死亡诗社》 #电影推荐",
      "author": {
        "user_id": "user_33280",
        "username": "电影爱好者324",
        "follower_count": 37232
      },
      "stats": {
        "likes": 4560,
        "comments": 102,
        "collects": 1271,
        "shares": 101
      },
      "tags": [
        "剧情神作",
        "配乐绝美",
        "催泪",
        "电影推荐",
        "电影种草"
      ],
      "published_at": "2026-01-15T04:20:02.667054",
      "topic": "恐怖电影推荐"
    },
    {
      "note_id": "note_20260115_0023",
      "title": "✨ 《怦然心动》 太绝了！必须安利给大家",
      "content": "终于看了 《怦然心动》，现在就来分享感受！\n\n🎬 画面：每一帧都可以截图当壁纸\n🎵 配乐：BGM 简直是神来之笔\n💡 立意：看完后久久不能平静\n\n💕 看完整个人都被治愈了~\n\n#科幻电影推荐 #《怦然心动》 #电影推荐",
      "author": {
        "user_id": "user_57220",
        "username": "电影爱好者168",
        "follower_count": 31322
      },
      "stats": {
        "likes": 206,
        "comments": 8,
        "collects": 23,
        "shares": 6
      },
      "tags": [
        "电影分享",
        "治愈系",
        "催泪",
        "好片推荐",
        "烧脑"
      ],
      "published_at": "2026-01-11T03:29:59.526343",
      "topic": "科幻电影推荐"
    },
    {
      "note_id": "note_20260115_0024",
      "title": "✨ 《泰坦尼克号》 太绝了！必须安利给大家",
      "content": "终于看了 《泰坦尼克号》，现在就来分享感受！\n\n🎵 配乐：BGM 简直是神来之笔\n💡 立意：看完后久久不能平静\n⭐️ 演技：演员们的表演真的太绝了\n\n💕 这部片子会一直珍藏在心里！\n\n#烧脑电影 #《泰坦尼克号》 #电影推荐",
      "author": {
        "user_id": "user_60843",
        "username": "电影爱好者396",
        "follower_count": 9452
      },
      "stats": {
        "likes": 6944,
        "comments": 452,
        "collects": 1564,
        "shares": 148
      },
      "tags": [
        "电影种草",
        "电影推荐",
        "宝藏电影",
        "视觉盛宴",
        "电影分享"
      ],
      "published_at": "2026-01-12T17:22:16.372868",
      "topic": "烧脑电影"
    },
    {
      "note_id": "note_20260115_0025",
      "title": "⭐️ 强烈推荐！《美丽人生》 值得刷三遍",
      "content": "朋友们！《美丽人生》 真的太好看了，不看后悔！\n\n🎬 画面：每一帧都可以截图当壁纸\n🎵 配乐：BGM 简直是神来之笔\n✨ 剧情：完全不拖沓，每一帧都是精华\n\n💕 真的强烈推荐给大家！\n\n#动画电影推荐 #《美丽人生》 #电影推荐",
      "author": {
        "user_id": "user_93636",
        "username": "电影爱好者806",
        "follower_count": 27537
      },
      "stats": {
        "likes": 6224,
        "comments": 145,
        "collects": 837,
        "shares": 107
      },
      "tags": [
        "治愈系",
        "好片推荐",
        "高分电影",
        "配乐绝美",
        "情侣观影"
      ],
      "published_at": "2026-01-11T17:06:22.406964",
      "topic": "动画电影推荐"
    },
    {
      "note_id": "note_20260115_0026",
      "title": "🎬 《海上钢琴师》 | 不看后悔系列",
      "content": "朋友们！《海上钢琴师》 真的太好看了，不看后悔！\n\n✨ 剧情：完全不拖沓，每一帧都是精华\n💡 立意：看完后久久不能平静\n🎬 画面：每一帧都可以截图当壁纸\n\n💕 真的强烈推荐给大家！\n\n#科幻电影推荐 #《海上钢琴师》 #电影推荐",
      "author": {
        "user_id": "user_24180",
        "username": "电影爱好者263",
        "follower_count": 15349
      },
      "stats": {
        "likes": 418,
        "comments": 20,
        "collects": 100,
        "shares": 10
      },
      "tags": [
        "烧脑",
        "影评",
        "情侣观影",
        "配乐绝美"
      ],
      "published_at": "2026-01-14T03:16:20.417829",
      "topic": "科幻电影推荐"
    },
    {
      "note_id": "note_20260115_0027",
      "title": "🌟 《楚门的世界》 | 治愈系电影天花板",
      "content": "刷了三遍 《楚门的世界》，每次都有新的感动！\n\n🎬 画面：每一帧都可以截图当壁纸\n✨ 剧情：完全不拖沓，每一帧都是精华\n⭐️ 演技：演员们的表演真的太绝了\n\n💕 已经加入我的最爱电影清单了！\n\n#治愈系电影 #《楚门的世界》 #电影推荐",
      "author": {
        "user_id": "user_78546",
        "username": "电影爱好者347",
        "follower_count": 31489
      },
      "stats": {
        "likes": 476,
        "comments": 21,
        "collects": 67,
        "shares": 20
      },
      "tags": [
        "电影推荐",
        "高分电影",
        "治愈系",
        "视觉盛宴"
      ],
      "published_at": "2026-01-12T18:32:57.271328",
      "topic": "治愈系电影"
    },
    {
      "note_id": "note_20260115_0028",
      "title": "✨ 《楚门的世界》 太绝了！必须安利给大家",
      "content": "朋友们！《楚门的世界》 真的太好看了，不看后悔！\n\n✨ 剧情：完全不拖沓，每一帧都是精华\n💡 立意：看完后久久不能平静\n🎵 配乐：BGM 简直是神来之笔\n\n💕 真的强烈推荐给大家！\n\n#烧脑电影 #《楚门的世界》 #电影推荐",
      "author": {
        "user_id": "user_84754",
        "username": "电影爱好者957",
        "follower_count": 25149
      },
      "stats": {
        "likes": 1444,
        "comments": 59,
        "collects": 361,
        "shares": 67
      },
      "tags": [
        "催泪",
        "电影推荐",
        "情侣观影",
        "配乐绝美",
        "周末观影"
      ],
      "published_at": "2026-01-13T21:48:40.351259",
      "topic": "烧脑电影"
    },
    {
      "note_id": "note_20260115_0029",
      "title": "🎬 《千与千寻》 | 不看后悔系列",
      "content": "姐妹们！今天必须给大家安利 《千与千寻》！\n\n💡 立意：看完后久久不能平静\n✨ 剧情：完全不拖沓，每一帧都是精华\n⭐️ 演技：演员们的表演真的太绝了\n\n💕 已经加入我的最爱电影清单了！\n\n#催泪电影 #《千与千寻》 #电影推荐",
      "author": {
        "user_id": "user_51507",
        "username": "电影爱好者266",
        "follower_count": 31970
      },
      "stats": {
        "likes": 6806,
        "comments": 515,
        "collects": 1557,
        "shares": 165
      },
      "tags": [
        "影评",
        "电影推荐",
        "必看电影",
        "好片推荐"
      ],
      "published_at": "2026-01-12T19:06:09.165297",
      "topic": "催泪电影"
    },
    {
      "note_id": "note_20260115_0030",
      "title": "⭐️ 强烈推荐！《怦然心动》 值得刷三遍",
      "content": "姐妹们！今天必须给大家安利 《怦然心动》！\n\n💡 立意：看完后久久不能平静\n✨ 剧情：完全不拖沓，每一帧都是精华\n🎵 配乐：BGM 简直是神来之笔\n\n💕 真的强烈推荐给大家！\n\n#最新上映电影 #《怦然心动》 #电影推荐",
      "author": {
        "user_id": "user_44568",
        "username": "电影爱好者955",
        "follower_count": 26747
      },
      "stats": {
        "likes": 1804,
        "comments": 129,
        "collects": 509,
        "shares": 25
      },
      "tags": [
        "视觉盛宴",
        "情侣观影",
        "电影种草",
        "好片推荐",
        "影评"
      ],
      "published_at": "2026-01-09T20:58:21.658511",
      "topic": "最新上映电影"
    },
    {
      "note_id": "note_20260115_0031",
      "title": "⭐️ 强烈推荐！《千与千寻》 值得刷三遍",
      "content": "姐妹们！今天必须给大家安利 《千与千寻》！\n\n✨ 剧情：完全不拖沓，每一帧都是精华\n🎵 配乐：BGM 简直是神来之笔\n⭐️ 演技：演员们的表演真的太绝了\n\n💕 已经加入我的最爱电影清单了！\n\n#经典老电影 #《千与千寻》 #电影推荐",
      "author": {
        "user_id": "user_22358",
        "username": "电影爱好者791",
        "follower_count": 38769
      },
      "stats": {
        "likes": 1318,
        "comments": 83,
        "collects": 135,
        "shares": 25
      },
      "tags": [
        "视觉盛宴",
        "烧脑",
        "观影笔记",
        "必看电影",
        "治愈系",
        "电影分享",
        "周末观影"
      ],
      "published_at": "2026-01-12T04:47:59.179101",
      "topic": "经典老电影"
    },
    {
      "note_id": "note_20260115_0032",
      "title": "🎬 《千与千寻》 | 不看后悔系列",
      "content": "朋友们！《千与千寻》 真的太好看了，不看后悔！\n\n💡 立意：看完后久久不能平静\n🎬 画面：每一帧都可以截图当壁纸\n✨ 剧情：完全不拖沓，每一帧都是精华\n\n💕 已经加入我的最爱电影清单了！\n\n#爱情电影推荐 #《千与千寻》 #电影推荐",
      "author": {
        "user_id": "user_15802",
        "username": "电影爱好者741",
        "follower_count": 25325
      },
      "stats": {
        "likes": 3031,
        "comments": 156,
        "collects": 652,
        "shares": 128
      },
      "tags": [
        "视觉盛宴",
        "电影推荐",
        "高分电影",
        "好片推荐",
        "治愈系"
      ],
      "published_at": "2026-01-12T01:39:24.598903",
      "topic": "爱情电影推荐"
    },
    {
      "note_id": "note_20260115_0033",
      "title": "🌟 《怦然心动》 | 治愈系电影天花板",
      "content": "姐妹们！今天必须给大家安利 《怦然心动》！\n\n⭐️ 演技：演员们的表演真的太绝了\n✨ 剧情：完全不拖沓，每一帧都是精华\n💡 立意：看完后久久不能平静\n\n💕 已经加入我的最爱电影清单了！\n\n#治愈系电影 #《怦然心动》 #电影推荐",
      "author": {
        "user_id": "user_45025",
        "username": "电影爱好者398",
        "follower_count": 8276
      },
      "stats": {
        "likes": 1877,
        "comments": 126,
        "collects": 273,
        "shares": 66
      },
      "tags": [
        "周末观影",
        "电影分享",
        "影评",
        "电影推荐",
        "治愈系",
        "宝藏电影"
      ],
      "published_at": "2026-01-10T03:33:44.743689",
      "topic": "治愈系电影"
    },
    {
      "note_id": "note_20260115_0034",
      "title": "⭐️ 强烈推荐！《死亡诗社》 值得刷三遍",
      "content": "终于看了 《死亡诗社》，现在就来分享感受！\n\n💡 立意：看完后久久不能平静\n⭐️ 演技：演员们的表演真的太绝了\n✨ 剧情：完全不拖沓，每一帧都是精华\n\n💕 真的强烈推荐给大家！\n\n#小众文艺片 #《死亡诗社》 #电影推荐",
      "author": {
        "user_id": "user_76436",
        "username": "电影爱好者255",
        "follower_count": 1920
      },
      "stats": {
        "likes": 898,
        "comments": 49,
        "collects": 178,
        "shares": 35
      },
      "tags": [
        "电影推荐",
        "观影笔记",
        "电影种草",
        "周末观影"
      ],
      "published_at": "2026-01-09T07:42:34.753295",
      "topic": "小众文艺片"
    },
    {
      "note_id": "note_20260115_0035",
      "title": "⭐️ 强烈推荐！《霸王别姬》 值得刷三遍",
      "content": "终于看了 《霸王别姬》，现在就来分享感受！\n\n🎵 配乐：BGM 简直是神来之笔\n💡 立意：看完后久久不能平静\n✨ 剧情：完全不拖沓，每一帧都是精华\n\n💕 这部片子会一直珍藏在心里！\n\n#科幻电影推荐 #《霸王别姬》 #电影推荐",
      "author": {
        "user_id": "user_75215",
        "username": "电影爱好者569",
        "follower_count": 49155
      },
      "stats": {
        "likes": 1249,
        "comments": 49,
        "collects": 211,
        "shares": 23
      },
      "tags": [
        "视觉盛宴",
        "催泪",
        "周末观影",
        "观影笔记",
        "必看电影",
        "影评",
        "配乐绝美"
      ],
      "published_at": "2026-01-08T22:58:05.488169",
      "topic": "科幻电影推荐"
    },
    {
      "note_id": "note_20260115_0036",
      "title": "🎬 《千与千寻》 | 不看后悔系列",
      "content": "刷了三遍 《千与千寻》，每次都有新的感动！\n\n💡 立意：看完后久久不能平静\n🎵 配乐：BGM 简直是神来之笔\n✨ 剧情：完全不拖沓，每一帧都是精华\n\n💕 已经加入我的最爱电影清单了！\n\n#恐怖电影推荐 #《千与千寻》 #电影推荐",
      "author": {
        "user_id": "user_22929",
        "username": "电影爱好者838",
        "follower_count": 2181
      },
      "stats": {
        "likes": 1386,
        "comments": 85,
        "collects": 365,
        "shares": 54
      },
      "tags": [
        "影评",
        "周末观影",
        "治愈系",
        "演技炸裂",
        "宝藏电影",
        "必看电影"
      ],
      "published_at": "2026-01-15T04:24:18.299030",
      "topic": "恐怖电影推荐"
    },
    {
      "note_id": "note_20260115_0037",
      "title": "💕 《死亡诗社》 让我哭得稀里哗啦",
      "content": "朋友们！《死亡诗社》 真的太好看了，不看后悔！\n\n⭐️ 演技：演员们的表演真的太绝了\n🎬 画面：每一帧都可以截图当壁纸\n🎵 配乐：BGM 简直是神来之笔\n\n💕 已经加入我的最爱电影清单了！\n\n#爱情电影推荐 #《死亡诗社》 #电影推荐",
      "author": {
        "user_id": "user_35692",
        "username": "电影爱好者504",
        "follower_count": 43522
      },
      "stats": {
        "likes": 1303,
        "comments": 97,
        "collects": 310,
        "shares": 61
      },
      "tags": [
        "烧脑",
        "情侣观影",
        "影评",
        "演技炸裂"
      ],
      "published_at": "2026-01-08T21:53:25.891477",
      "topic": "爱情电影推荐"
    },
    {
      "note_id": "note_20260115_0038",
      "title": "🌟 《霸王别姬》 | 恐怖电影天花板",
      "content": "朋友们！《霸王别姬》 真的太好看了，不看后悔！\n\n⭐️ 演技：演员们的表演真的太绝了\n🎵 配乐：BGM 简直是神来之笔\n✨ 剧情：完全不拖沓，每一帧都是精华\n\n💕 看完整个人都被治愈了~\n\n#恐怖电影推荐 #《霸王别姬》 #电影推荐",
      "author": {
        "user_id": "user_49854",
        "username": "电影爱好者901",
        "follower_count": 8308
      },
      "stats": {
        "likes": 477,
        "comments": 11,
        "collects": 100,
        "shares": 15
      },
      "tags": [
        "电影推荐",
        "一个人看的电影",
        "宝藏电影",
        "高分电影",
        "情侣观影",
        "演技炸裂"
      ],
      "published_at": "2026-01-14T17:05:49.655640",
      "topic": "恐怖电影推荐"
    },
    {
      "note_id": "note_20260115_0039",
      "title": "✨ 《爱在黎明破晓前》 太绝了！必须安利给大家",
      "content": "朋友们！《爱在黎明破晓前》 真的太好看了，不看后悔！\n\n💡 立意：看完后久久不能平静\n✨ 剧情：完全不拖沓，每一帧都是精华\n🎵 配乐：BGM 简直是神来之笔\n\n💕 这部片子会一直珍藏在心里！\n\n#动画电影推荐 #《爱在黎明破晓前》 #电影推荐",
      "author": {
        "user_id": "user_40843",
        "username": "电影爱好者252",
        "follower_count": 8017
      },
      "stats": {
        "likes": 2819,
        "comments": 86,
        "collects": 831,
        "shares": 79
      },
      "tags": [
        "剧情神作",
        "演技炸裂",
        "电影种草",
        "观影笔记"
      ],
      "published_at": "2026-01-14T23:24:54.228115",
      "topic": "动画电影推荐"
    },
    {
      "note_id": "note_20260115_0040",
      "title": "🎬 《盗梦空间》 | 不看后悔系列",
      "content": "朋友们！《盗梦空间》 真的太好看了，不看后悔！\n\n🎬 画面：每一帧都可以截图当壁纸\n🎵 配乐：BGM 简直是神来之笔\n💡 立意：看完后久久不能平静\n\n💕 看完整个人都被治愈了~\n\n#小众文艺片 #《盗梦空间》 #电影推荐",
      "author": {
        "user_id": "user_72177",
        "username": "电影爱好者123",
        "follower_count": 39855
      },
      "stats": {
        "likes": 1100,
        "comments": 87,
        "collects": 232,
        "shares": 49
      },
      "tags": [
        "催泪",
        "周末观影",
        "视觉盛宴",
        "好片推荐",
        "剧情神作",
        "一个人看的电影"
      ],
      "published_at": "2026-01-14T20:42:52.873805",
      "topic": "小众文艺片"
    },
    {
      "note_id": "note_20260115_0041",
      "title": "💕 《当幸福来敲门》 让我哭得稀里哗啦",
      "content": "姐妹们！今天必须给大家安利 《当幸福来敲门》！\n\n💡 立意：看完后久久不能平静\n⭐️ 演技：演员们的表演真的太绝了\n🎬 画面：每一帧都可以截图当壁纸\n\n💕 真的强烈推荐给大家！\n\n#小众文艺片 #《当幸福来敲门》 #电影推荐",
      "author": {
        "user_id": "user_55933",
        "username": "电影爱好者262",
        "follower_count": 22281
      },
      "stats": {
        "likes": 8703,
        "comments": 518,
        "collects": 1760,
        "shares": 342
      },
      "tags": [
        "高分电影",
        "宝藏电影",
        "剧情神作",
        "视觉盛宴"
      ],
      "published_at": "2026-01-10T18:39:43.794699",
      "topic": "小众文艺片"
    },
    {
      "note_id": "note_20260115_0042",
      "title": "🌟 《星际穿越》 | 喜剧电影天花板",
      "content": "姐妹们！今天必须给大家安利 《星际穿越》！\n\n💡 立意：看完后久久不能平静\n✨ 剧情：完全不拖沓，每一帧都是精华\n⭐️ 演技：演员们的表演真的太绝了\n\n💕 看完整个人都被治愈了~\n\n#喜剧电影推荐 #《星际穿越》 #电影推荐",
      "author": {
        "user_id": "user_27414",
        "username": "电影爱好者739",
        "follower_count": 43057
      },
      "stats": {
        "likes": 1308,
        "comments": 55,
        "collects": 268,
        "shares": 36
      },
      "tags": [
        "剧情神作",
        "催泪",
        "电影种草",
        "好片推荐"
      ],
      "published_at": "2026-01-14T04:00:36.487307",
      "topic": "喜剧电影推荐"
    },
    {
      "note_id": "note_20260115_0043",
      "title": "🎬 《你的名字》 | 不看后悔系列",
      "content": "终于看了 《你的名字》，现在就来分享感受！\n\n🎵 配乐：BGM 简直是神来之笔\n⭐️ 演技：演员们的表演真的太绝了\n🎬 画面：每一帧都可以截图当壁纸\n\n💕 看完整个人都被治愈了~\n\n#爱情电影推荐 #《你的名字》 #电影推荐",
      "author": {
        "user_id": "user_52216",
        "username": "电影爱好者942",
        "follower_count": 29162
      },
      "stats": {
        "likes": 406,
        "comments": 27,
        "collects": 51,
        "shares": 18
      },
      "tags": [
        "影评",
        "视觉盛宴",
        "催泪",
        "高分电影",
        "烧脑",
        "宝藏电影",
        "演技炸裂"
      ],
      "published_at": "2026-01-14T08:04:55.305538",
      "topic": "爱情电影推荐"
    },
    {
      "note_id": "note_20260115_0044",
      "title": "🌟 《霸王别姬》 | 经典老电影天花板",
      "content": "刷了三遍 《霸王别姬》，每次都有新的感动！\n\n💡 立意：看完后久久不能平静\n⭐️ 演技：演员们的表演真的太绝了\n🎬 画面：每一帧都可以截图当壁纸\n\n💕 这部片子会一直珍藏在心里！\n\n#经典老电影 #《霸王别姬》 #电影推荐",
      "author": {
        "user_id": "user_81119",
        "username": "电影爱好者300",
        "follower_count": 10183
      },
      "stats": {
        "likes": 9040,
        "comments": 620,
        "collects": 1310,
        "shares": 384
      },
      "tags": [
        "催泪",
        "治愈系",
        "观影笔记",
        "电影推荐",
        "影评"
      ],
      "published_at": "2026-01-12T02:58:56.837162",
      "topic": "经典老电影"
    },
    {
      "note_id": "note_20260115_0045",
      "title": "✨ 《盗梦空间》 太绝了！必须安利给大家",
      "content": "终于看了 《盗梦空间》，现在就来分享感受！\n\n💡 立意：看完后久久不能平静\n🎵 配乐：BGM 简直是神来之笔\n🎬 画面：每一帧都可以截图当壁纸\n\n💕 真的强烈推荐给大家！\n\n#最新上映电影 #《盗梦空间》 #电影推荐",
      "author": {
        "user_id": "user_20722",
        "username": "电影爱好者851",
        "follower_count": 24214
      },
      "stats": {
        "likes": 399,
        "comments": 25,
        "collects": 50,
        "shares": 5
      },
      "tags": [
        "视觉盛宴",
        "剧情神作",
        "情侣观影",
        "配乐绝美",
        "宝藏电影",
        "电影推荐",
        "催泪"
      ],
      "published_at": "2026-01-15T04:27:59.665474",
      "topic": "最新上映电影"
    },
    {
      "note_id": "note_20260115_0046",
      "title": "🌟 《阿甘正传》 | 经典老电影天花板",
      "content": "刷了三遍 《阿甘正传》，每次都有新的感动！\n\n💡 立意：看完后久久不能平静\n⭐️ 演技：演员们的表演真的太绝了\n✨ 剧情：完全不拖沓，每一帧都是精华\n\n💕 真的强烈推荐给大家！\n\n#经典老电影 #《阿甘正传》 #电影推荐",
      "author": {
        "user_id": "user_86399",
        "username": "电影爱好者756",
        "follower_count": 25870
      },
      "stats": {
        "likes": 739,
        "comments": 34,
        "collects": 124,
        "shares": 22
      },
      "tags": [
        "高分电影",
        "配乐绝美",
        "治愈系",
        "电影种草",
        "观影笔记",
        "电影推荐"
      ],
      "published_at": "2026-01-15T14:17:02.280511",
      "topic": "经典老电影"
    },
    {
      "note_id": "note_20260115_0047",
      "title": "🌟 《怦然心动》 | 经典老电影天花板",
      "content": "终于看了 《怦然心动》，现在就来分享感受！\n\n💡 立意：看完后久久不能平静\n✨ 剧情：完全不拖沓，每一帧都是精华\n🎬 画面：每一帧都可以截图当壁纸\n\n💕 真的强烈推荐给大家！\n\n#经典老电影 #《怦然心动》 #电影推荐",
      "author": {
        "user_id": "user_41541",
        "username": "电影爱好者505",
        "follower_count": 31721
      },
      "stats": {
        "likes": 557,
        "comments": 16,
        "collects": 67,
        "shares": 23
      },
      "tags": [
        "视觉盛宴",
        "周末观影",
        "治愈系",
        "一个人看的电影",
        "观影笔记"
      ],
      "published_at": "2026-01-15T04:35:15.892587",
      "topic": "经典老电影"
    },
    {
      "note_id": "note_20260115_0048",
      "title": "🌟 《这个杀手不太冷》 | 烧脑电影天花板",
      "content": "朋友们！《这个杀手不太冷》 真的太好看了，不看后悔！\n\n🎵 配乐：BGM 简直是神来之笔\n🎬 画面：每一帧都可以截图当壁纸\n⭐️ 演技：演员们的表演真的太绝了\n\n💕 这部片子会一直珍藏在心里！\n\n#烧脑电影 #《这个杀手不太冷》 #电影推荐",
      "author": {
        "user_id": "user_87952",
        "username": "电影爱好者887",
        "follower_count": 3067
      },
      "stats": {
        "likes": 383,
        "comments": 29,
        "collects": 47,
        "shares": 12
      },
      "tags": [
        "周末观影",
        "一个人看的电影",
        "剧情神作",
        "配乐绝美",
        "电影推荐",
        "电影分享",
        "好片推荐"
      ],
      "published_at": "2026-01-13T07:32:16.697816",
      "topic": "烧脑电影"
    },
    {
      "note_id": "note_20260115_0049",
      "title": "🎬 《死亡诗社》 | 不看后悔系列",
      "content": "刷了三遍 《死亡诗社》，每次都有新的感动！\n\n💡 立意：看完后久久不能平静\n✨ 剧情：完全不拖沓，每一帧都是精华\n🎬 画面：每一帧都可以截图当壁纸\n\n💕 看完整个人都被治愈了~\n\n#最新上映电影 #《死亡诗社》 #电影推荐",
      "author": {
        "user_id": "user_57637",
        "username": "电影爱好者854",
        "follower_count": 45058
      },
      "stats": {
        "likes": 855,
        "comments": 33,
        "collects": 182,
        "shares": 40
      },
      "tags": [
        "高分电影",
        "必看电影",
        "治愈系",
        "烧脑",
        "好片推荐",
        "影评",
        "宝藏电影"
      ],
      "published_at": "2026-01-09T17:38:25.345113",
      "topic": "最新上映电影"
    },
    {
      "note_id": "note_20260115_0050",
      "title": "💕 《阿甘正传》 让我哭得稀里哗啦",
      "content": "终于看了 《阿甘正传》，现在就来分享感受！\n\n💡 立意：看完后久久不能平静\n✨ 剧情：完全不拖沓，每一帧都是精华\n🎬 画面：每一帧都可以截图当壁纸\n\n💕 这部片子会一直珍藏在心里！\n\n#催泪电影 #《阿甘正传》 #电影推荐",
      "author": {
        "user_id": "user_90570",
        "username": "电影爱好者592",
        "follower_count": 3322
      },
      "stats": {
        "likes": 1042,
        "comments": 62,
        "collects": 198,
        "shares": 19
      },
      "tags": [
        "观影笔记",
        "宝藏电影",
        "一个人看的电影",
        "电影推荐"
      ],
      "published_at": "2026-01-15T13:04:02.826505",
      "topic": "催泪电影"
    },
    {
      "note_id": "note_20260115_0051",
      "title": "⭐️ 强烈推荐！《美丽人生》 值得刷三遍",
      "content": "朋友们！《美丽人生》 真的太好看了，不看后悔！\n\n🎵 配乐：BGM 简直是神来之笔\n✨ 剧情：完全不拖沓，每一帧都是精华\n🎬 画面：每一帧都可以截图当壁纸\n\n💕 看完整个人都被治愈了~\n\n#治愈系电影 #《美丽人生》 #电影推荐",
      "author": {
        "user_id": "user_58404",
        "username": "电影爱好者423",
        "follower_count": 33559
      },
      "stats": {
        "likes": 520,
        "comments": 32,
        "collects": 101,
        "shares": 14
      },
      "tags": [
        "催泪",
        "配乐绝美",
        "电影分享",
        "电影种草",
        "周末观影",
        "演技炸裂"
      ],
      "published_at": "2026-01-13T23:26:00.391504",
      "topic": "治愈系电影"
    },
    {
      "note_id": "note_20260115_0052",
      "title": "⭐️ 强烈推荐！《星际穿越》 值得刷三遍",
      "content": "朋友们！《星际穿越》 真的太好看了，不看后悔！\n\n✨ 剧情：完全不拖沓，每一帧都是精华\n⭐️ 演技：演员们的表演真的太绝了\n🎵 配乐：BGM 简直是神来之笔\n\n💕 真的强烈推荐给大家！\n\n#动画电影推荐 #《星际穿越》 #电影推荐",
      "author": {
        "user_id": "user_17653",
        "username": "电影爱好者627",
        "follower_count": 17578
      },
      "stats": {
        "likes": 702,
        "comments": 14,
        "collects": 179,
        "shares": 30
      },
      "tags": [
        "催泪",
        "剧情神作",
        "宝藏电影",
        "配乐绝美",
        "烧脑",
        "电影种草"
      ],
      "published_at": "2026-01-12T12:44:23.710619",
      "topic": "动画电影推荐"
    },
    {
      "note_id": "note_20260115_0053",
      "title": "🎬 《爱在黎明破晓前》 | 不看后悔系列",
      "content": "刷了三遍 《爱在黎明破晓前》，每次都有新的感动！\n\n🎬 画面：每一帧都可以截图当壁纸\n🎵 配乐：BGM 简直是神来之笔\n✨ 剧情：完全不拖沓，每一帧都是精华\n\n💕 真的强烈推荐给大家！\n\n#治愈系电影 #《爱在黎明破晓前》 #电影推荐",
      "author": {
        "user_id": "user_83880",
        "username": "电影爱好者640",
        "follower_count": 37831
      },
      "stats": {
        "likes": 8300,
        "comments": 341,
        "collects": 1072,
        "shares": 163
      },
      "tags": [
        "宝藏电影",
        "电影分享",
        "配乐绝美",
        "高分电影",
        "治愈系",
        "必看电影",
        "电影种草"
      ],
      "published_at": "2026-01-12T03:06:43.762086",
      "topic": "治愈系电影"
    },
    {
      "note_id": "note_20260115_0054",
      "title": "🎬 《盗梦空间》 | 不看后悔系列",
      "content": "朋友们！《盗梦空间》 真的太好看了，不看后悔！\n\n✨ 剧情：完全不拖沓，每一帧都是精华\n💡 立意：看完后久久不能平静\n🎵 配乐：BGM 简直是神来之笔\n\n💕 这部片子会一直珍藏在心里！\n\n#小众文艺片 #《盗梦空间》 #电影推荐",
      "author": {
        "user_id": "user_83776",
        "username": "电影爱好者343",
        "follower_count": 27741
      },
      "stats": {
        "likes": 411,
        "comments": 11,
        "collects": 71,
        "shares": 17
      },
      "tags": [
        "高分电影",
        "演技炸裂",
        "观影笔记",
        "必看电影"
      ],
      "published_at": "2026-01-11T22:00:41.108781",
      "topic": "小众文艺片"
    },
    {
      "note_id": "note_20260115_0055",
      "title": "🎬 《霸王别姬》 | 不看后悔系列",
      "content": "姐妹们！今天必须给大家安利 《霸王别姬》！\n\n🎵 配乐：BGM 简直是神来之笔\n💡 立意：看完后久久不能平静\n⭐️ 演技：演员们的表演真的太绝了\n\n💕 看完整个人都被治愈了~\n\n#最新上映电影 #《霸王别姬》 #电影推荐",
      "author": {
        "user_id": "user_61376",
        "username": "电影爱好者106",
        "follower_count": 27454
      },
      "stats": {
        "likes": 1707,
        "comments": 66,
        "collects": 406,
        "shares": 81
      },
      "tags": [
        "配乐绝美",
        "观影笔记",
        "电影推荐",
        "一个人看的电影",
        "治愈系",
        "情侣观影"
      ],
      "published_at": "2026-01-10T07:42:03.237078",
      "topic": "最新上映电影"
    },
    {
      "note_id": "note_20260115_0056",
      "title": "💕 《放牛班的春天》 让我哭得稀里哗啦",
      "content": "姐妹们！今天必须给大家安利 《放牛班的春天》！\n\n🎵 配乐：BGM 简直是神来之笔\n💡 立意：看完后久久不能平静\n🎬 画面：每一帧都可以截图当壁纸\n\n💕 已经加入我的最爱电影清单了！\n\n#动作电影推荐 #《放牛班的春天》 #电影推荐",
      "author": {
        "user_id": "user_66674",
        "username": "电影爱好者254",
        "follower_count": 48599
      },
      "stats": {
        "likes": 339,
        "comments": 9,
        "collects": 92,
        "shares": 6
      },
      "tags": [
        "视觉盛宴",
        "宝藏电影",
        "好片推荐",
        "观影笔记",
        "配乐绝美",
        "烧脑",
        "周末观影"
      ],
      "published_at": "2026-01-14T17:23:31.307717",
      "topic": "动作电影推荐"
    },
    {
      "note_id": "note_20260115_0057",
      "title": "💕 《死亡诗社》 让我哭得稀里哗啦",
      "content": "姐妹们！今天必须给大家安利 《死亡诗社》！\n\n✨ 剧情：完全不拖沓，每一帧都是精华\n🎵 配乐：BGM 简直是神来之笔\n💡 立意：看完后久久不能平静\n\n💕 这部片子会一直珍藏在心里！\n\n#催泪电影 #《死亡诗社》 #电影推荐",
      "author": {
        "user_id": "user_93121",
        "username": "电影爱好者289",
        "follower_count": 20990
      },
      "stats": {
        "likes": 120,
        "comments": 7,
        "collects": 24,
        "shares": 3
      },
      "tags": [
        "影评",
        "必看电影",
        "宝藏电影",
        "演技炸裂",
        "烧脑",
        "高分电影",
        "视觉盛宴"
      ],
      "published_at": "2026-01-13T14:17:57.663616",
      "topic": "催泪电影"
    },
    {
      "note_id": "note_20260115_0058",
      "title": "🎬 《泰坦尼克号》 | 不看后悔系列",
      "content": "朋友们！《泰坦尼克号》 真的太好看了，不看后悔！\n\n💡 立意：看完后久久不能平静\n⭐️ 演技：演员们的表演真的太绝了\n✨ 剧情：完全不拖沓，每一帧都是精华\n\n💕 真的强烈推荐给大家！\n\n#爱情电影推荐 #《泰坦尼克号》 #电影推荐",
      "author": {
        "user_id": "user_36137",
        "username": "电影爱好者480",
        "follower_count": 13913
      },
      "stats": {
        "likes": 6753,
        "comments": 432,
        "collects": 1496,
        "shares": 238
      },
      "tags": [
        "催泪",
        "情侣观影",
        "电影种草",
        "烧脑"
      ],
      "published_at": "2026-01-11T02:56:14.462364",
      "topic": "爱情电影推荐"
    },
    {
      "note_id": "note_20260115_0059",
      "title": "✨ 《死亡诗社》 太绝了！必须安利给大家",
      "content": "朋友们！《死亡诗社》 真的太好看了，不看后悔！\n\n🎬 画面：每一帧都可以截图当壁纸\n🎵 配乐：BGM 简直是神来之笔\n⭐️ 演技：演员们的表演真的太绝了\n\n💕 真的强烈推荐给大家！\n\n#治愈系电影 #《死亡诗社》 #电影推荐",
      "author": {
        "user_id": "user_49214",
        "username": "电影爱好者711",
        "follower_count": 14257
      },
      "stats": {
        "likes": 1831,
        "comments": 95,
        "collects": 197,
        "shares": 54
      },
      "tags": [
        "观影笔记",
        "周末观影",
        "高分电影",
        "影评"
      ],
      "published_at": "2026-01-13T08:34:52.846440",
      "topic": "治愈系电影"
    },
    {
      "note_id": "note_20260115_0060",
      "title": "📽️ 《肖申克的救赎》 观影笔记 | 含泪推荐",
      "content": "朋友们！《肖申克的救赎》 真的太好看了，不看后悔！\n\n⭐️ 演技：演员们的表演真的太绝了\n💡 立意：看完后久久不能平静\n🎬 画面：每一帧都可以截图当壁纸\n\n💕 看完整个人都被治愈了~\n\n#奥斯卡获奖电影 #《肖申克的救赎》 #电影推荐",
      "author": {
        "user_id": "user_35240",
        "username": "电影爱好者909",
        "follower_count": 6028
      },
      "stats": {
        "likes": 5821,
        "comments": 328,
        "collects": 1310,
        "shares": 121
      },
      "tags": [
        "影评",
        "情侣观影",
        "电影种草",
        "烧脑",
        "治愈系",
        "电影推荐"
      ],
      "published_at": "2026-01-09T21:15:24.349403",
      "topic": "奥斯卡获奖电影"
    },
    {
      "note_id": "note_20260115_0061",
      "title": "⭐️ 强烈推荐！《肖申克的救赎》 值得刷三遍",
      "content": "刷了三遍 《肖申克的救赎》，每次都有新的感动！\n\n⭐️ 演技：演员们的表演真的太绝了\n💡 立意：看完后久久不能平静\n🎵 配乐：BGM 简直是神来之笔\n\n💕 已经加入我的最爱电影清单了！\n\n#动画电影推荐 #《肖申克的救赎》 #电影推荐",
      "author": {
        "user_id": "user_35634",
        "username": "电影爱好者201",
        "follower_count": 22712
      },
      "stats": {
        "likes": 9689,
        "comments": 546,
        "collects": 2075,
        "shares": 256
      },
      "tags": [
        "电影推荐",
        "治愈系",
        "电影分享",
        "情侣观影",
        "剧情神作",
        "一个人看的电影"
      ],
      "published_at": "2026-01-10T20:04:59.873862",
      "topic": "动画电影推荐"
    },
    {
      "note_id": "note_20260115_0062",
      "title": "🌟 《千与千寻》 | 动作电影天花板",
      "content": "终于看了 《千与千寻》，现在就来分享感受！\n\n🎵 配乐：BGM 简直是神来之笔\n✨ 剧情：完全不拖沓，每一帧都是精华\n⭐️ 演技：演员们的表演真的太绝了\n\n💕 已经加入我的最爱电影清单了！\n\n#动作电影推荐 #《千与千寻》 #电影推荐",
      "author": {
        "user_id": "user_46581",
        "username": "电影爱好者299",
        "follower_count": 36964
      },
      "stats": {
        "likes": 1573,
        "comments": 122,
        "collects": 307,
        "shares": 34
      },
      "tags": [
        "电影推荐",
        "视觉盛宴",
        "周末观影",
        "治愈系",
        "高分电影",
        "电影种草"
      ],
      "published_at": "2026-01-13T23:15:03.165481",
      "topic": "动作电影推荐"
    },
    {
      "note_id": "note_20260115_0063",
      "title": "⭐️ 强烈推荐！《触不可及》 值得刷三遍",
      "content": "姐妹们！今天必须给大家安利 《触不可及》！\n\n💡 立意：看完后久久不能平静\n✨ 剧情：完全不拖沓，每一帧都是精华\n⭐️ 演技：演员们的表演真的太绝了\n\n💕 真的强烈推荐给大家！\n\n#最新上映电影 #《触不可及》 #电影推荐",
      "author": {
        "user_id": "user_34338",
        "username": "电影爱好者910",
        "follower_count": 19877
      },
      "stats": {
        "likes": 386,
        "comments": 16,
        "collects": 57,
        "shares": 18
      },
      "tags": [
        "观影笔记",
        "配乐绝美",
        "剧情神作",
        "电影推荐",
        "一个人看的电影"
      ],
      "published_at": "2026-01-14T22:27:55.575577",
      "topic": "最新上映电影"
    },
    {
      "note_id": "note_20260115_0064",
      "title": "🌟 《这个杀手不太冷》 | 烧脑电影天花板",
      "content": "刷了三遍 《这个杀手不太冷》，每次都有新的感动！\n\n🎬 画面：每一帧都可以截图当壁纸\n✨ 剧情：完全不拖沓，每一帧都是精华\n⭐️ 演技：演员们的表演真的太绝了\n\n💕 已经加入我的最爱电影清单了！\n\n#烧脑电影 #《这个杀手不太冷》 #电影推荐",
      "author": {
        "user_id": "user_99517",
        "username": "电影爱好者904",
        "follower_count": 34492
      },
      "stats": {
        "likes": 696,
        "comments": 44,
        "collects": 194,
        "shares": 26
      },
      "tags": [
        "一个人看的电影",
        "演技炸裂",
        "配乐绝美",
        "视觉盛宴",
        "好片推荐",
        "高分电影"
      ],
      "published_at": "2026-01-14T13:23:30.843525",
      "topic": "烧脑电影"
    },
    {
      "note_id": "note_20260115_0065",
      "title": "⭐️ 强烈推荐！《你的名字》 值得刷三遍",
      "content": "朋友们！《你的名字》 真的太好看了，不看后悔！\n\n🎬 画面：每一帧都可以截图当壁纸\n✨ 剧情：完全不拖沓，每一帧都是精华\n💡 立意：看完后久久不能平静\n\n💕 这部片子会一直珍藏在心里！\n\n#恐怖电影推荐 #《你的名字》 #电影推荐",
      "author": {
        "user_id": "user_47887",
        "username": "电影爱好者376",
        "follower_count": 12099
      },
      "stats": {
        "likes": 3082,
        "comments": 104,
        "collects": 378,
        "shares": 59
      },
      "tags": [
        "烧脑",
        "观影笔记",
        "情侣观影",
        "好片推荐",
        "高分电影",
        "影评"
      ],
      "published_at": "2026-01-13T17:26:07.176948",
      "topic": "恐怖电影推荐"
    },
    {
      "note_id": "note_20260115_0066",
      "title": "🎬 《楚门的世界》 | 不看后悔系列",
      "content": "朋友们！《楚门的世界》 真的太好看了，不看后悔！\n\n⭐️ 演技：演员们的表演真的太绝了\n🎵 配乐：BGM 简直是神来之笔\n✨ 剧情：完全不拖沓，每一帧都是精华\n\n💕 已经加入我的最爱电影清单了！\n\n#纪录片推荐 #《楚门的世界》 #电影推荐",
      "author": {
        "user_id": "user_40735",
        "username": "电影爱好者137",
        "follower_count": 40664
      },
      "stats": {
        "likes": 2440,
        "comments": 84,
        "collects": 366,
        "shares": 50
      },
      "tags": [
        "高分电影",
        "演技炸裂",
        "好片推荐",
        "剧情神作",
        "电影分享",
        "电影推荐"
      ],
      "published_at": "2026-01-10T04:00:35.423653",
      "topic": "纪录片推荐"
    },
    {
      "note_id": "note_20260115_0067",
      "title": "📽️ 《当幸福来敲门》 观影笔记 | 含泪推荐",
      "content": "姐妹们！今天必须给大家安利 《当幸福来敲门》！\n\n💡 立意：看完后久久不能平静\n🎵 配乐：BGM 简直是神来之笔\n✨ 剧情：完全不拖沓，每一帧都是精华\n\n💕 已经加入我的最爱电影清单了！\n\n#动画电影推荐 #《当幸福来敲门》 #电影推荐",
      "author": {
        "user_id": "user_86153",
        "username": "电影爱好者396",
        "follower_count": 11205
      },
      "stats": {
        "likes": 7280,
        "comments": 211,
        "collects": 907,
        "shares": 111
      },
      "tags": [
        "治愈系",
        "观影笔记",
        "情侣观影",
        "影评",
        "烧脑",
        "高分电影",
        "配乐绝美"
      ],
      "published_at": "2026-01-14T16:46:33.128702",
      "topic": "动画电影推荐"
    },
    {
      "note_id": "note_20260115_0068",
      "title": "✨ 《海上钢琴师》 太绝了！必须安利给大家",
      "content": "姐妹们！今天必须给大家安利 《海上钢琴师》！\n\n💡 立意：看完后久久不能平静\n✨ 剧情：完全不拖沓，每一帧都是精华\n🎵 配乐：BGM 简直是神来之笔\n\n💕 已经加入我的最爱电影清单了！\n\n#纪录片推荐 #《海上钢琴师》 #电影推荐",
      "author": {
        "user_id": "user_58913",
        "username": "电影爱好者171",
        "follower_count": 26611
      },
      "stats": {
        "likes": 115,
        "comments": 4,
        "collects": 16,
        "shares": 3
      },
      "tags": [
        "观影笔记",
        "配乐绝美",
        "电影推荐",
        "烧脑"
      ],
      "published_at": "2026-01-09T06:36:01.579351",
      "topic": "纪录片推荐"
    },
    {
      "note_id": "note_20260115_0069",
      "title": "📽️ 《爱在黎明破晓前》 观影笔记 | 含泪推荐",
      "content": "姐妹们！今天必须给大家安利 《爱在黎明破晓前》！\n\n🎬 画面：每一帧都可以截图当壁纸\n✨ 剧情：完全不拖沓，每一帧都是精华\n💡 立意：看完后久久不能平静\n\n💕 真的强烈推荐给大家！\n\n#动画电影推荐 #《爱在黎明破晓前》 #电影推荐",
      "author": {
        "user_id": "user_32821",
        "username": "电影爱好者294",
        "follower_count": 36217
      },
      "stats": {
        "likes": 5382,
        "comments": 300,
        "collects": 598,
        "shares": 219
      },
      "tags": [
        "高分电影",
        "影评",
        "电影分享",
        "治愈系",
        "一个人看的电影"
      ],
      "published_at": "2026-01-10T09:46:18.073124",
      "topic": "动画电影推荐"
    },
    {
      "note_id": "note_20260115_0070",
      "title": "🎬 《怦然心动》 | 不看后悔系列",
      "content": "朋友们！《怦然心动》 真的太好看了，不看后悔！\n\n🎵 配乐：BGM 简直是神来之笔\n🎬 画面：每一帧都可以截图当壁纸\n💡 立意：看完后久久不能平静\n\n💕 已经加入我的最爱电影清单了！\n\n#最新上映电影 #《怦然心动》 #电影推荐",
      "author": {
        "user_id": "user_85174",
        "username": "电影爱好者483",
        "follower_count": 894
      },
      "stats": {
        "likes": 1791,
        "comments": 49,
        "collects": 295,
        "shares": 51
      },
      "tags": [
        "演技炸裂",
        "电影推荐",
        "宝藏电影",
        "剧情神作",
        "好片推荐"
      ],
      "published_at": "2026-01-09T12:21:11.121905",
      "topic": "最新上映电影"
    },
    {
      "note_id": "note_20260115_0071",
      "title": "📽️ 《霸王别姬》 观影笔记 | 含泪推荐",
      "content": "姐妹们！今天必须给大家安利 《霸王别姬》！\n\n🎬 画面：每一帧都可以截图当壁纸\n⭐️ 演技：演员们的表演真的太绝了\n✨ 剧情：完全不拖沓，每一帧都是精华\n\n💕 这部片子会一直珍藏在心里！\n\n#小众文艺片 #《霸王别姬》 #电影推荐",
      "author": {
        "user_id": "user_77883",
        "username": "电影爱好者834",
        "follower_count": 2221
      },
      "stats": {
        "likes": 825,
        "comments": 20,
        "collects": 109,
        "shares": 17
      },
      "tags": [
        "情侣观影",
        "剧情神作",
        "电影分享",
        "高分电影"
      ],
      "published_at": "2026-01-15T01:12:09.625017",
      "topic": "小众文艺片"
    },
    {
      "note_id": "note_20260115_0072",
      "title": "⭐️ 强烈推荐！《海上钢琴师》 值得刷三遍",
      "content": "刷了三遍 《海上钢琴师》，每次都有新的感动！\n\n✨ 剧情：完全不拖沓，每一帧都是精华\n🎵 配乐：BGM 简直是神来之笔\n🎬 画面：每一帧都可以截图当壁纸\n\n💕 真的强烈推荐给大家！\n\n#动作电影推荐 #《海上钢琴师》 #电影推荐",
      "author": {
        "user_id": "user_53584",
        "username": "电影爱好者982",
        "follower_count": 21685
      },
      "stats": {
        "likes": 1544,
        "comments": 86,
        "collects": 431,
        "shares": 42
      },
      "tags": [
        "视觉盛宴",
        "高分电影",
        "宝藏电影",
        "电影分享",
        "观影笔记"
      ],
      "published_at": "2026-01-11T20:19:43.148299",
      "topic": "动作电影推荐"
    },
    {
      "note_id": "note_20260115_0073",
      "title": "🌟 《肖申克的救赎》 | 治愈系电影天花板",
      "content": "朋友们！《肖申克的救赎》 真的太好看了，不看后悔！\n\n⭐️ 演技：演员们的表演真的太绝了\n🎬 画面：每一帧都可以截图当壁纸\n💡 立意：看完后久久不能平静\n\n💕 看完整个人都被治愈了~\n\n#治愈系电影 #《肖申克的救赎》 #电影推荐",
      "author": {
        "user_id": "user_84132",
        "username": "电影爱好者921",
        "follower_count": 4456
      },
      "stats": {
        "likes": 347,
        "comments": 11,
        "collects": 47,
        "shares": 6
      },
      "tags": [
        "必看电影",
        "配乐绝美",
        "影评",
        "观影笔记",
        "高分电影",
        "电影推荐"
      ],
      "published_at": "2026-01-11T08:28:42.618587",
      "topic": "治愈系电影"
    },
    {
      "note_id": "note_20260115_0074",
      "title": "💕 《触不可及》 让我哭得稀里哗啦",
      "content": "终于看了 《触不可及》，现在就来分享感受！\n\n🎬 画面：每一帧都可以截图当壁纸\n💡 立意：看完后久久不能平静\n🎵 配乐：BGM 简直是神来之笔\n\n💕 已经加入我的最爱电影清单了！\n\n#纪录片推荐 #《触不可及》 #电影推荐",
      "author": {
        "user_id": "user_67606",
        "username": "电影爱好者411",
        "follower_count": 3562
      },
      "stats": {
        "likes": 1931,
        "comments": 103,
        "collects": 337,
        "shares": 63
      },
      "tags": [
        "一个人看的电影",
        "电影种草",
        "情侣观影",
        "电影分享"
      ],
      "published_at": "2026-01-13T09:48:51.875206",
      "topic": "纪录片推荐"
    },
    {
      "note_id": "note_20260115_0075",
      "title": "✨ 《当幸福来敲门》 太绝了！必须安利给大家",
      "content": "终于看了 《当幸福来敲门》，现在就来分享感受！\n\n⭐️ 演技：演员们的表演真的太绝了\n🎬 画面：每一帧都可以截图当壁纸\n🎵 配乐：BGM 简直是神来之笔\n\n💕 这部片子会一直珍藏在心里！\n\n#奥斯卡获奖电影 #《当幸福来敲门》 #电影推荐",
      "author": {
        "user_id": "user_35323",
        "username": "电影爱好者481",
        "follower_count": 48965
      },
      "stats": {
        "likes": 383,
        "comments": 15,
        "collects": 101,
        "shares": 7
      },
      "tags": [
        "一个人看的电影",
        "烧脑",
        "演技炸裂",
        "视觉盛宴",
        "催泪"
      ],
      "published_at": "2026-01-10T01:29:37.675777",
      "topic": "奥斯卡获奖电影"
    },
    {
      "note_id": "note_20260115_0076",
      "title": "🌟 《肖申克的救赎》 | 治愈系电影天花板",
      "content": "朋友们！《肖申克的救赎》 真的太好看了，不看后悔！\n\n✨ 剧情：完全不拖沓，每一帧都是精华\n🎬 画面：每一帧都可以截图当壁纸\n⭐️ 演技：演员们的表演真的太绝了\n\n💕 已经加入我的最爱电影清单了！\n\n#治愈系电影 #《肖申克的救赎》 #电影推荐",
      "author": {
        "user_id": "user_98127",
        "username": "电影爱好者737",
        "follower_count": 12468
      },
      "stats": {
        "likes": 435,
        "comments": 22,
        "collects": 44,
        "shares": 6
      },
      "tags": [
        "配乐绝美",
        "电影分享",
        "催泪",
        "治愈系",
        "电影推荐",
        "影评"
      ],
      "published_at": "2026-01-11T02:34:59.093246",
      "topic": "治愈系电影"
    },
    {
      "note_id": "note_20260115_0077",
      "title": "✨ 《泰坦尼克号》 太绝了！必须安利给大家",
      "content": "姐妹们！今天必须给大家安利 《泰坦尼克号》！\n\n💡 立意：看完后久久不能平静\n🎬 画面：每一帧都可以截图当壁纸\n✨ 剧情：完全不拖沓，每一帧都是精华\n\n💕 这部片子会一直珍藏在心里！\n\n#奥斯卡获奖电影 #《泰坦尼克号》 #电影推荐",
      "author": {
        "user_id": "user_44940",
        "username": "电影爱好者788",
        "follower_count": 9794
      },
      "stats": {
        "likes": 421,
        "comments": 26,
        "collects": 81,
        "shares": 17
      },
      "tags": [
        "宝藏电影",
        "好片推荐",
        "演技炸裂",
        "影评",
        "催泪",
        "必看电影"
      ],
      "published_at": "2026-01-08T21:15:03.971541",
      "topic": "奥斯卡获奖电影"
    },
    {
      "note_id": "note_20260115_0078",
      "title": "✨ 《盗梦空间》 太绝了！必须安利给大家",
      "content": "刷了三遍 《盗梦空间》，每次都有新的感动！\n\n🎵 配乐：BGM 简直是神来之笔\n💡 立意：看完后久久不能平静\n⭐️ 演技：演员们的表演真的太绝了\n\n💕 这部片子会一直珍藏在心里！\n\n#最新上映电影 #《盗梦空间》 #电影推荐",
      "author": {
        "user_id": "user_41546",
        "username": "电影爱好者632",
        "follower_count": 9146
      },
      "stats": {
        "likes": 8079,
        "comments": 601,
        "collects": 1011,
        "shares": 246
      },
      "tags": [
        "周末观影",
        "好片推荐",
        "一个人看的电影",
        "催泪",
        "观影笔记",
        "宝藏电影",
        "电影分享"
      ],
      "published_at": "2026-01-15T11:02:13.609435",
      "topic": "最新上映电影"
    },
    {
      "note_id": "note_20260115_0079",
      "title": "🎬 《盗梦空间》 | 不看后悔系列",
      "content": "终于看了 《盗梦空间》，现在就来分享感受！\n\n🎵 配乐：BGM 简直是神来之笔\n🎬 画面：每一帧都可以截图当壁纸\n💡 立意：看完后久久不能平静\n\n💕 已经加入我的最爱电影清单了！\n\n#动作电影推荐 #《盗梦空间》 #电影推荐",
      "author": {
        "user_id": "user_96002",
        "username": "电影爱好者682",
        "follower_count": 18214
      },
      "stats": {
        "likes": 3782,
        "comments": 104,
        "collects": 755,
        "shares": 177
      },
      "tags": [
        "电影种草",
        "一个人看的电影",
        "必看电影",
        "催泪"
      ],
      "published_at": "2026-01-09T13:49:59.054065",
      "topic": "动作电影推荐"
    },
    {
      "note_id": "note_20260115_0080",
      "title": "🌟 《三傻大闹宝莱坞》 | 恐怖电影天花板",
      "content": "朋友们！《三傻大闹宝莱坞》 真的太好看了，不看后悔！\n\n✨ 剧情：完全不拖沓，每一帧都是精华\n⭐️ 演技：演员们的表演真的太绝了\n💡 立意：看完后久久不能平静\n\n💕 真的强烈推荐给大家！\n\n#恐怖电影推荐 #《三傻大闹宝莱坞》 #电影推荐",
      "author": {
        "user_id": "user_75810",
        "username": "电影爱好者271",
        "follower_count": 16057
      },
      "stats": {
        "likes": 2410,
        "comments": 79,
        "collects": 383,
        "shares": 48
      },
      "tags": [
        "烧脑",
        "周末观影",
        "高分电影",
        "电影分享",
        "治愈系",
        "好片推荐"
      ],
      "published_at": "2026-01-08T21:51:16.268242",
      "topic": "恐怖电影推荐"
    },
    {
      "note_id": "note_20260115_0081",
      "title": "🌟 《美丽人生》 | 奥斯卡获奖电影天花板",
      "content": "朋友们！《美丽人生》 真的太好看了，不看后悔！\n\n🎬 画面：每一帧都可以截图当壁纸\n✨ 剧情：完全不拖沓，每一帧都是精华\n⭐️ 演技：演员们的表演真的太绝了\n\n💕 真的强烈推荐给大家！\n\n#奥斯卡获奖电影 #《美丽人生》 #电影推荐",
      "author": {
        "user_id": "user_52979",
        "username": "电影爱好者243",
        "follower_count": 10983
      },
      "stats": {
        "likes": 8313,
        "comments": 281,
        "collects": 1474,
        "shares": 110
      },
      "tags": [
        "视觉盛宴",
        "配乐绝美",
        "治愈系",
        "必看电影",
        "宝藏电影",
        "影评",
        "电影种草"
      ],
      "published_at": "2026-01-15T15:58:00.842838",
      "topic": "奥斯卡获奖电影"
    },
    {
      "note_id": "note_20260115_0082",
      "title": "🎬 《霸王别姬》 | 不看后悔系列",
      "content": "刷了三遍 《霸王别姬》，每次都有新的感动！\n\n✨ 剧情：完全不拖沓，每一帧都是精华\n🎬 画面：每一帧都可以截图当壁纸\n⭐️ 演技：演员们的表演真的太绝了\n\n💕 看完整个人都被治愈了~\n\n#治愈系电影 #《霸王别姬》 #电影推荐",
      "author": {
        "user_id": "user_63367",
        "username": "电影爱好者756",
        "follower_count": 3935
      },
      "stats": {
        "likes": 1477,
        "comments": 87,
        "collects": 440,
        "shares": 54
      },
      "tags": [
        "烧脑",
        "电影推荐",
        "必看电影",
        "配乐绝美",
        "周末观影",
        "演技炸裂"
      ],
      "published_at": "2026-01-09T21:46:48.924997",
      "topic": "治愈系电影"
    },
    {
      "note_id": "note_20260115_0083",
      "title": "💕 《肖申克的救赎》 让我哭得稀里哗啦",
      "content": "终于看了 《肖申克的救赎》，现在就来分享感受！\n\n⭐️ 演技：演员们的表演真的太绝了\n🎵 配乐：BGM 简直是神来之笔\n🎬 画面：每一帧都可以截图当壁纸\n\n💕 已经加入我的最爱电影清单了！\n\n#动作电影推荐 #《肖申克的救赎》 #电影推荐",
      "author": {
        "user_id": "user_73912",
        "username": "电影爱好者760",
        "follower_count": 633
      },
      "stats": {
        "likes": 376,
        "comments": 12,
        "collects": 86,
        "shares": 17
      },
      "tags": [
        "电影种草",
        "催泪",
        "观影笔记",
        "剧情神作"
      ],
      "published_at": "2026-01-10T03:21:52.112546",
      "topic": "动作电影推荐"
    },
    {
      "note_id": "note_20260115_0084",
      "title": "📽️ 《阿甘正传》 观影笔记 | 含泪推荐",
      "content": "朋友们！《阿甘正传》 真的太好看了，不看后悔！\n\n🎬 画面：每一帧都可以截图当壁纸\n🎵 配乐：BGM 简直是神来之笔\n💡 立意：看完后久久不能平静\n\n💕 这部片子会一直珍藏在心里！\n\n#科幻电影推荐 #《阿甘正传》 #电影推荐",
      "author": {
        "user_id": "user_77679",
        "username": "电影爱好者632",
        "follower_count": 29615
      },
      "stats": {
        "likes": 382,
        "comments": 15,
        "collects": 107,
        "shares": 14
      },
      "tags": [
        "宝藏电影",
        "周末观影",
        "烧脑",
        "催泪",
        "好片推荐",
        "电影推荐",
        "必看电影"
      ],
      "published_at": "2026-01-10T09:17:30.329629",
      "topic": "科幻电影推荐"
    },
    {
      "note_id": "note_20260115_0085",
      "title": "✨ 《美丽人生》 太绝了！必须安利给大家",
      "content": "终于看了 《美丽人生》，现在就来分享感受！\n\n💡 立意：看完后久久不能平静\n✨ 剧情：完全不拖沓，每一帧都是精华\n⭐️ 演技：演员们的表演真的太绝了\n\n💕 已经加入我的最爱电影清单了！\n\n#恐怖电影推荐 #《美丽人生》 #电影推荐",
      "author": {
        "user_id": "user_87346",
        "username": "电影爱好者160",
        "follower_count": 15532
      },
      "stats": {
        "likes": 428,
        "comments": 20,
        "collects": 95,
        "shares": 4
      },
      "tags": [
        "影评",
        "必看电影",
        "一个人看的电影",
        "催泪",
        "周末观影",
        "电影推荐"
      ],
      "published_at": "2026-01-13T19:12:39.006167",
      "topic": "恐怖电影推荐"
    },
    {
      "note_id": "note_20260115_0086",
      "title": "⭐️ 强烈推荐！《阿甘正传》 值得刷三遍",
      "content": "终于看了 《阿甘正传》，现在就来分享感受！\n\n🎬 画面：每一帧都可以截图当壁纸\n⭐️ 演技：演员们的表演真的太绝了\n✨ 剧情：完全不拖沓，每一帧都是精华\n\n💕 已经加入我的最爱电影清单了！\n\n#动画电影推荐 #《阿甘正传》 #电影推荐",
      "author": {
        "user_id": "user_31138",
        "username": "电影爱好者799",
        "follower_count": 36960
      },
      "stats": {
        "likes": 706,
        "comments": 17,
        "collects": 209,
        "shares": 30
      },
      "tags": [
        "剧情神作",
        "一个人看的电影",
        "电影种草",
        "观影笔记",
        "情侣观影",
        "电影分享",
        "周末观影"
      ],
      "published_at": "2026-01-11T21:14:23.631021",
      "topic": "动画电影推荐"
    },
    {
      "note_id": "note_20260115_0087",
      "title": "🎬 《美丽人生》 | 不看后悔系列",
      "content": "朋友们！《美丽人生》 真的太好看了，不看后悔！\n\n💡 立意：看完后久久不能平静\n🎬 画面：每一帧都可以截图当壁纸\n🎵 配乐：BGM 简直是神来之笔\n\n💕 已经加入我的最爱电影清单了！\n\n#爱情电影推荐 #《美丽人生》 #电影推荐",
      "author": {
        "user_id": "user_72499",
        "username": "电影爱好者489",
        "follower_count": 27028
      },
      "stats": {
        "likes": 9926,
        "comments": 375,
        "collects": 2931,
        "shares": 479
      },
      "tags": [
        "高分电影",
        "一个人看的电影",
        "配乐绝美",
        "周末观影"
      ],
      "published_at": "2026-01-15T07:26:45.391300",
      "topic": "爱情电影推荐"
    },
    {
      "note_id": "note_20260115_0088",
      "title": "⭐️ 强烈推荐！《海上钢琴师》 值得刷三遍",
      "content": "姐妹们！今天必须给大家安利 《海上钢琴师》！\n\n✨ 剧情：完全不拖沓，每一帧都是精华\n🎵 配乐：BGM 简直是神来之笔\n💡 立意：看完后久久不能平静\n\n💕 已经加入我的最爱电影清单了！\n\n#奥斯卡获奖电影 #《海上钢琴师》 #电影推荐",
      "author": {
        "user_id": "user_25815",
        "username": "电影爱好者420",
        "follower_count": 36155
      },
      "stats": {
        "likes": 1733,
        "comments": 36,
        "collects": 280,
        "shares": 21
      },
      "tags": [
        "电影推荐",
        "催泪",
        "电影分享",
        "配乐绝美",
        "一个人看的电影",
        "剧情神作"
      ],
      "published_at": "2026-01-11T09:39:16.690689",
      "topic": "奥斯卡获奖电影"
    },
    {
      "note_id": "note_20260115_0089",
      "title": "💕 《楚门的世界》 让我哭得稀里哗啦",
      "content": "终于看了 《楚门的世界》，现在就来分享感受！\n\n✨ 剧情：完全不拖沓，每一帧都是精华\n💡 立意：看完后久久不能平静\n🎬 画面：每一帧都可以截图当壁纸\n\n💕 看完整个人都被治愈了~\n\n#动作电影推荐 #《楚门的世界》 #电影推荐",
      "author": {
        "user_id": "user_25093",
        "username": "电影爱好者899",
        "follower_count": 12114
      },
      "stats": {
        "likes": 7417,
        "comments": 321,
        "collects": 2084,
        "shares": 197
      },
      "tags": [
        "剧情神作",
        "影评",
        "一个人看的电影",
        "配乐绝美"
      ],
      "published_at": "2026-01-14T04:21:31.155332",
      "topic": "动作电影推荐"
    },
    {
      "note_id": "note_20260115_0090",
      "title": "✨ 《当幸福来敲门》 太绝了！必须安利给大家",
      "content": "终于看了 《当幸福来敲门》，现在就来分享感受！\n\n🎬 画面：每一帧都可以截图当壁纸\n✨ 剧情：完全不拖沓，每一帧都是精华\n💡 立意：看完后久久不能平静\n\n💕 真的强烈推荐给大家！\n\n#纪录片推荐 #《当幸福来敲门》 #电影推荐",
      "author": {
        "user_id": "user_20560",
        "username": "电影爱好者192",
        "follower_count": 2661
      },
      "stats": {
        "likes": 151,
        "comments": 3,
        "collects": 35,
        "shares": 3
      },
      "tags": [
        "治愈系",
        "一个人看的电影",
        "周末观影",
        "催泪",
        "演技炸裂",
        "影评",
        "视觉盛宴"
      ],
      "published_at": "2026-01-14T08:09:48.577366",
      "topic": "纪录片推荐"
    },
    {
      "note_id": "note_20260115_0091",
      "title": "🌟 《放牛班的春天》 | 烧脑电影天花板",
      "content": "朋友们！《放牛班的春天》 真的太好看了，不看后悔！\n\n✨ 剧情：完全不拖沓，每一帧都是精华\n⭐️ 演技：演员们的表演真的太绝了\n💡 立意：看完后久久不能平静\n\n💕 已经加入我的最爱电影清单了！\n\n#烧脑电影 #《放牛班的春天》 #电影推荐",
      "author": {
        "user_id": "user_71699",
        "username": "电影爱好者393",
        "follower_count": 22486
      },
      "stats": {
        "likes": 7382,
        "comments": 259,
        "collects": 1645,
        "shares": 162
      },
      "tags": [
        "宝藏电影",
        "周末观影",
        "治愈系",
        "电影种草",
        "必看电影",
        "高分电影"
      ],
      "published_at": "2026-01-11T07:25:20.520574",
      "topic": "烧脑电影"
    },
    {
      "note_id": "note_20260115_0092",
      "title": "💕 《放牛班的春天》 让我哭得稀里哗啦",
      "content": "终于看了 《放牛班的春天》，现在就来分享感受！\n\n💡 立意：看完后久久不能平静\n🎬 画面：每一帧都可以截图当壁纸\n✨ 剧情：完全不拖沓，每一帧都是精华\n\n💕 看完整个人都被治愈了~\n\n#奥斯卡获奖电影 #《放牛班的春天》 #电影推荐",
      "author": {
        "user_id": "user_83807",
        "username": "电影爱好者887",
        "follower_count": 23850
      },
      "stats": {
        "likes": 8733,
        "comments": 264,
        "collects": 1223,
        "shares": 111
      },
      "tags": [
        "周末观影",
        "影评",
        "治愈系",
        "视觉盛宴"
      ],
      "published_at": "2026-01-13T17:27:29.840407",
      "topic": "奥斯卡获奖电影"
    },
    {
      "note_id": "note_20260115_0093",
      "title": "🎬 《楚门的世界》 | 不看后悔系列",
      "content": "终于看了 《楚门的世界》，现在就来分享感受！\n\n💡 立意：看完后久久不能平静\n⭐️ 演技：演员们的表演真的太绝了\n🎬 画面：每一帧都可以截图当壁纸\n\n💕 已经加入我的最爱电影清单了！\n\n#烧脑电影 #《楚门的世界》 #电影推荐",
      "author": {
        "user_id": "user_71390",
        "username": "电影爱好者822",
        "follower_count": 11290
      },
      "stats": {
        "likes": 1477,
        "comments": 46,
        "collects": 156,
        "shares": 70
      },
      "tags": [
        "烧脑",
        "配乐绝美",
        "情侣观影",
        "电影推荐",
        "电影种草"
      ],
      "published_at": "2026-01-15T18:54:39.612032",
      "topic": "烧脑电影"
    },
    {
      "note_id": "note_20260115_0094",
      "title": "✨ 《怦然心动》 太绝了！必须安利给大家",
      "content": "刷了三遍 《怦然心动》，每次都有新的感动！\n\n🎵 配乐：BGM 简直是神来之笔\n✨ 剧情：完全不拖沓，每一帧都是精华\n⭐️ 演技：演员们的表演真的太绝了\n\n💕 真的强烈推荐给大家！\n\n#悬疑电影推荐 #《怦然心动》 #电影推荐",
      "author": {
        "user_id": "user_24421",
        "username": "电影爱好者628",
        "follower_count": 34085
      },
      "stats": {
        "likes": 2370,
        "comments": 164,
        "collects": 490,
        "shares": 52
      },
      "tags": [
        "一个人看的电影",
        "治愈系",
        "剧情神作",
        "观影笔记",
        "影评",
        "演技炸裂"
      ],
      "published_at": "2026-01-14T16:30:16.317759",
      "topic": "悬疑电影推荐"
    },
    {
      "note_id": "note_20260115_0095",
      "title": "🎬 《当幸福来敲门》 | 不看后悔系列",
      "content": "终于看了 《当幸福来敲门》，现在就来分享感受！\n\n⭐️ 演技：演员们的表演真的太绝了\n✨ 剧情：完全不拖沓，每一帧都是精华\n🎬 画面：每一帧都可以截图当壁纸\n\n💕 看完整个人都被治愈了~\n\n#动画电影推荐 #《当幸福来敲门》 #电影推荐",
      "author": {
        "user_id": "user_68662",
        "username": "电影爱好者944",
        "follower_count": 12251
      },
      "stats": {
        "likes": 145,
        "comments": 3,
        "collects": 20,
        "shares": 6
      },
      "tags": [
        "必看电影",
        "情侣观影",
        "高分电影",
        "治愈系",
        "视觉盛宴",
        "演技炸裂"
      ],
      "published_at": "2026-01-13T05:28:17.987780",
      "topic": "动画电影推荐"
    },
    {
      "note_id": "note_20260115_0096",
      "title": "⭐️ 强烈推荐！《美丽人生》 值得刷三遍",
      "content": "刷了三遍 《美丽人生》，每次都有新的感动！\n\n💡 立意：看完后久久不能平静\n⭐️ 演技：演员们的表演真的太绝了\n🎵 配乐：BGM 简直是神来之笔\n\n💕 已经加入我的最爱电影清单了！\n\n#喜剧电影推荐 #《美丽人生》 #电影推荐",
      "author": {
        "user_id": "user_47364",
        "username": "电影爱好者889",
        "follower_count": 29611
      },
      "stats": {
        "likes": 422,
        "comments": 14,
        "collects": 126,
        "shares": 8
      },
      "tags": [
        "电影推荐",
        "影评",
        "情侣观影",
        "高分电影",
        "演技炸裂",
        "一个人看的电影"
      ],
      "published_at": "2026-01-11T19:29:54.826811",
      "topic": "喜剧电影推荐"
    },
    {
      "note_id": "note_20260115_0097",
      "title": "✨ 《盗梦空间》 太绝了！必须安利给大家",
      "content": "朋友们！《盗梦空间》 真的太好看了，不看后悔！\n\n💡 立意：看完后久久不能平静\n✨ 剧情：完全不拖沓，每一帧都是精华\n🎵 配乐：BGM 简直是神来之笔\n\n💕 这部片子会一直珍藏在心里！\n\n#悬疑电影推荐 #《盗梦空间》 #电影推荐",
      "author": {
        "user_id": "user_80405",
        "username": "电影爱好者122",
        "follower_count": 37826
      },
      "stats": {
        "likes": 461,
        "comments": 15,
        "collects": 58,
        "shares": 14
      },
      "tags": [
        "电影推荐",
        "周末观影",
        "演技炸裂",
        "观影笔记",
        "视觉盛宴",
        "好片推荐"
      ],
      "published_at": "2026-01-10T05:24:49.758380",
      "topic": "悬疑电影推荐"
    },
    {
      "note_id": "note_20260115_0098",
      "title": "💕 《阿甘正传》 让我哭得稀里哗啦",
      "content": "朋友们！《阿甘正传》 真的太好看了，不看后悔！\n\n✨ 剧情：完全不拖沓，每一帧都是精华\n🎬 画面：每一帧都可以截图当壁纸\n🎵 配乐：BGM 简直是神来之笔\n\n💕 已经加入我的最爱电影清单了！\n\n#烧脑电影 #《阿甘正传》 #电影推荐",
      "author": {
        "user_id": "user_31356",
        "username": "电影爱好者640",
        "follower_count": 6443
      },
      "stats": {
        "likes": 4990,
        "comments": 254,
        "collects": 1106,
        "shares": 58
      },
      "tags": [
        "演技炸裂",
        "电影种草",
        "视觉盛宴",
        "配乐绝美"
      ],
      "published_at": "2026-01-09T14:40:29.505394",
      "topic": "烧脑电影"
    },
    {
      "note_id": "note_20260115_0099",
      "title": "✨ 《美丽人生》 太绝了！必须安利给大家",
      "content": "朋友们！《美丽人生》 真的太好看了，不看后悔！\n\n🎬 画面：每一帧都可以截图当壁纸\n💡 立意：看完后久久不能平静\n✨ 剧情：完全不拖沓，每一帧都是精华\n\n💕 真的强烈推荐给大家！\n\n#治愈系电影 #《美丽人生》 #电影推荐",
      "author": {
        "user_id": "user_62332",
        "username": "电影爱好者704",
        "follower_count": 17825
      },
      "stats": {
        "likes": 490,
        "comments": 11,
        "collects": 91,
        "shares": 23
      },
      "tags": [
        "催泪",
        "一个人看的电影",
        "演技炸裂",
        "观影笔记",
        "电影种草"
      ],
      "published_at": "2026-01-14T06:09:20.556889",
      "topic": "治愈系电影"
    }
  ]
}